Sr. No.,Policy_id,Date of Purchase,Customer_id,Fuel,VEHICLE_SEGMENT,Premium,bodily injury liability, personal injury protection, property damage liability, collision, comprehensive,Customer_Gender,Customer_Income group,Customer_Region,Customer_Marital_status
1,12345,2018-01-16,400,CNG,A,958,0,0,0,1,1,Male,0- $25K,North,0
2,12346,2018-01-04,401,CNG,A,1272,1,0,0,0,1,Male,$25-$70K,South,1
3,12347,2018-01-07,402,CNG,A,2150,0,1,1,1,0,Male,>$70K,East,0
4,12348,2018-01-07,403,CNG,A,2123,1,0,1,1,1,Male,$25-$70K,West,1
5,12349,2018-01-01,404,CNG,A,1110,1,1,1,1,1,Male,$25-$70K,North,1
6,12350,2018-01-22,405,CNG,A,1571,0,0,1,0,0,Male,$25-$70K,North,0
7,12351,2018-01-19,406,CNG,A,1030,1,1,1,1,0,Male,$25-$70K,North,0
8,12352,2018-01-23,407,CNG,A,1732,1,1,1,0,0,Male,$25-$70K,North,0
9,12353,2018-01-01,408,CNG,A,2175,0,0,1,0,1,Male,$25-$70K,North,1
10,12354,2018-01-20,409,CNG,A,1725,0,0,0,1,0,Male,$25-$70K,North,0
11,12355,2018-01-28,410,CNG,A,1805,0,1,0,1,0,Male,$25-$70K,North,1
12,12356,2018-01-17,411,CNG,A,1552,1,1,0,0,1,Male,$25-$70K,North,0
13,12357,2018-01-29,412,CNG,A,1888,0,1,1,1,1,Male,$25-$70K,North,0
14,12358,2018-01-18,413,CNG,A,1355,1,0,0,1,0,Male,$25-$70K,North,0
15,12359,2018-01-19,414,CNG,A,2356,0,0,0,0,1,Male,$25-$70K,North,1
16,12360,2018-01-06,415,CNG,A,2102,1,0,0,1,0,Male,$25-$70K,North,0
17,12361,2018-01-27,416,CNG,A,1258,1,1,1,1,1,Male,$25-$70K,North,1
18,12362,2018-01-21,417,CNG,A,2326,0,1,0,1,1,Male,$25-$70K,North,0
19,420,2018-01-24,418,CNG,A,584,1,1,1,1,0,Male,$25-$70K,North,0
20,12364,2018-01-08,419,CNG,A,2397,1,1,1,0,0,Male,$25-$70K,North,0
21,12365,2018-01-23,420,CNG,A,1493,1,0,0,0,0,Male,$25-$70K,North,0
22,12366,2018-01-02,420,CNG,A,661,0,1,1,0,0,Male,$25-$70K,North,0
23,12367,2018-01-03,420,CNG,A,685,1,1,0,1,0,Male,$25-$70K,North,0
24,12368,2018-01-08,420,CNG,A,1006,1,1,1,1,1,Male,$25-$70K,North,1
25,12369,2018-01-16,420,CNG,A,1160,1,0,0,1,1,Male,$25-$70K,North,0
26,12370,2018-01-25,420,CNG,A,1602,0,0,0,1,1,Male,$25-$70K,North,1
27,12371,2018-01-25,420,CNG,A,2355,0,1,1,1,1,Male,$25-$70K,North,0
28,12372,2018-01-05,420,CNG,A,1921,1,1,1,0,1,Male,$25-$70K,North,1
29,12373,2018-01-21,420,CNG,A,2200,0,1,0,1,1,Male,$25-$70K,North,0
30,12374,2018-01-27,420,CNG,A,2357,0,1,1,1,1,Male,$25-$70K,North,1
31,12375,2018-01-22,420,CNG,A,1047,0,1,0,1,0,Male,$25-$70K,North,1
32,840,2018-01-04,420,CNG,A,2089,0,1,0,1,0,Male,$25-$70K,North,0
33,12377,2018-01-15,420,CNG,A,1780,0,0,0,1,1,Male,$25-$70K,North,0
34,12378,2018-01-26,420,CNG,A,1035,1,0,1,0,0,Male,$25-$70K,North,0
35,12379,2018-01-29,420,CNG,A,526,1,1,1,0,1,Male,$25-$70K,North,0
36,12380,2018-01-20,420,CNG,A,1827,0,0,1,1,0,Male,$25-$70K,North,1
37,12381,2018-01-24,420,CNG,A,2003,1,1,0,1,0,Male,$25-$70K,North,1
38,12382,2018-01-08,420,CNG,A,1960,0,1,1,1,1,Male,$25-$70K,North,0
39,12383,2018-01-03,420,CNG,A,1197,0,1,0,1,0,Male,$25-$70K,North,1
40,12384,2018-01-21,420,CNG,A,614,0,1,0,0,1,Male,$25-$70K,North,0
41,12385,2018-01-09,420,CNG,A,568,1,1,1,0,0,Male,$25-$70K,North,0
42,12386,2018-01-12,420,CNG,A,2149,1,0,1,1,1,Male,$25-$70K,North,1
43,12387,2018-01-27,420,CNG,A,1797,1,0,1,0,1,Male,$25-$70K,North,1
44,12388,2018-01-14,420,CNG,A,1246,1,0,0,0,0,Male,$25-$70K,North,0
45,12389,2018-01-24,420,CNG,A,1295,1,1,0,0,0,Male,$25-$70K,North,1
46,12390,2018-01-21,420,CNG,A,642,0,0,1,0,1,Male,$25-$70K,North,1
47,12391,2018-01-06,420,CNG,A,1979,1,1,1,1,1,Male,$25-$70K,North,0
48,12392,2018-01-13,420,CNG,A,2327,0,0,1,1,1,Male,$25-$70K,North,0
49,12393,2018-01-05,420,CNG,A,1025,1,0,0,0,1,Male,$25-$70K,North,1
50,12394,2018-01-23,420,CNG,A,529,0,0,0,0,1,Male,$25-$70K,North,1
51,12395,2018-01-16,420,CNG,A,2072,0,0,1,0,0,Male,$25-$70K,North,0
52,12396,2018-01-18,420,CNG,A,2103,0,0,0,1,0,Male,$25-$70K,North,0
53,12397,2018-01-15,420,CNG,A,1929,0,1,0,0,1,Male,$25-$70K,North,1
54,12398,2018-01-13,420,CNG,A,2143,1,0,1,1,1,Male,$25-$70K,North,0
55,12399,2018-01-11,420,CNG,A,2132,0,0,0,1,0,Male,$25-$70K,North,0
56,12400,2018-01-13,420,CNG,A,1459,1,0,0,0,0,Male,$25-$70K,North,1
57,12401,2018-01-17,420,CNG,A,1831,1,1,0,0,0,Male,$25-$70K,North,0
58,12402,2018-01-30,420,CNG,A,1171,1,1,1,0,0,Male,$25-$70K,North,1
59,12403,2018-01-10,420,CNG,A,1692,1,0,1,1,0,Male,$25-$70K,North,0
60,12404,2018-01-11,420,CNG,A,1262,0,1,1,0,1,Male,$25-$70K,North,1
61,12405,2018-01-23,420,CNG,A,2451,0,1,0,0,0,Male,$25-$70K,North,0
62,12406,2018-01-03,420,CNG,A,1906,0,0,1,1,1,Male,$25-$70K,North,0
63,12407,2018-01-24,420,CNG,A,2095,1,0,1,1,0,Male,$25-$70K,North,1
64,12408,2018-01-20,420,CNG,A,1597,1,0,0,1,0,Male,$25-$70K,North,1
65,12409,2018-01-15,420,CNG,A,2362,1,1,0,1,0,Male,$25-$70K,North,0
66,12410,2018-01-17,420,CNG,A,1612,1,1,0,1,0,Male,$25-$70K,North,1
67,12411,2018-01-19,420,CNG,A,711,0,0,0,1,1,Male,$25-$70K,North,1
68,12412,2018-01-29,420,CNG,A,1771,1,0,1,0,1,Male,$25-$70K,North,1
69,12413,2018-01-20,420,CNG,A,1301,0,1,0,0,1,Male,$25-$70K,North,0
70,12414,2018-01-16,420,CNG,A,2411,1,1,0,0,1,Male,$25-$70K,North,0
71,12415,2018-01-10,420,CNG,A,1065,0,1,0,0,1,Male,$25-$70K,North,1
72,12416,2018-01-13,420,CNG,A,2393,1,1,1,1,0,Male,$25-$70K,North,0
73,12417,2018-01-05,420,CNG,A,1837,1,1,1,0,0,Male,$25-$70K,North,0
74,12418,2018-01-01,420,CNG,A,1598,0,0,1,0,0,Male,$25-$70K,North,1
75,12419,2018-01-30,420,CNG,A,1072,1,0,1,0,1,Male,$25-$70K,North,0
76,12420,2018-01-25,420,CNG,A,591,0,0,1,0,0,Male,$25-$70K,North,0
77,12421,2018-01-18,420,CNG,A,1617,1,1,1,0,1,Male,$25-$70K,North,1
78,12422,2018-01-04,420,CNG,A,1174,1,0,1,1,0,Male,$25-$70K,North,0
79,12423,2018-01-28,420,CNG,A,2241,1,1,1,0,1,Male,$25-$70K,North,0
80,12424,2018-01-31,420,CNG,A,2248,1,1,0,1,1,Male,$25-$70K,North,0
81,12425,2018-01-27,420,CNG,A,2121,1,1,0,0,1,Male,$25-$70K,North,0
82,12426,2018-01-25,420,CNG,A,1994,0,0,0,0,1,Male,$25-$70K,North,0
83,12427,2018-01-01,420,CNG,A,2442,1,1,0,0,0,Male,$25-$70K,North,0
84,12428,2018-01-23,420,CNG,A,1763,0,1,1,0,0,Male,$25-$70K,North,1
85,12429,2018-01-28,420,CNG,A,1494,0,0,0,1,1,Male,$25-$70K,North,0
86,12430,2018-01-03,420,CNG,A,2039,1,0,1,1,0,Male,$25-$70K,North,0
87,12431,2018-01-27,420,CNG,A,898,1,0,0,0,0,Male,$25-$70K,North,1
88,12432,2018-01-12,420,CNG,A,823,0,0,1,1,0,Male,$25-$70K,North,0
89,12433,2018-01-11,420,CNG,A,1144,0,1,0,0,0,Male,$25-$70K,North,0
90,12434,2018-01-23,420,CNG,A,1051,0,0,1,0,0,Male,$25-$70K,North,1
91,12435,2018-01-10,420,CNG,A,1212,0,0,1,0,0,Male,$25-$70K,North,1
92,12436,2018-01-13,420,CNG,A,1829,0,1,1,0,0,Male,$25-$70K,North,1
93,12437,2018-01-15,420,CNG,A,1548,0,0,0,1,0,Male,$25-$70K,North,0
94,12438,2018-01-06,420,CNG,A,1663,1,1,0,1,1,Male,$25-$70K,North,1
95,12439,2018-01-23,420,CNG,A,1313,0,0,0,1,1,Male,$25-$70K,North,0
96,12440,2018-01-04,420,CNG,A,1915,1,1,1,0,0,Male,$25-$70K,North,0
97,12441,2018-01-08,420,CNG,A,1888,0,0,0,1,1,Male,$25-$70K,North,1
98,12442,2018-01-19,420,CNG,A,694,1,1,1,0,0,Male,$25-$70K,North,0
99,12443,2018-01-05,420,CNG,A,637,0,0,1,1,0,Male,$25-$70K,North,0
100,12444,2018-02-10,420,CNG,A,1959,1,1,0,0,1,Male,$25-$70K,North,1
101,12445,2018-02-08,420,CNG,A,1673,0,1,1,1,1,Male,$25-$70K,North,0
102,12446,2018-02-01,420,CNG,A,934,1,0,1,0,1,Male,$25-$70K,North,1
103,12447,2018-02-23,420,CNG,A,2391,1,0,0,1,0,Male,$25-$70K,North,0
104,12448,2018-02-20,420,CNG,A,2246,1,0,0,1,0,Male,$25-$70K,North,0
105,12449,2018-02-03,420,CNG,A,1328,0,1,1,0,0,Male,$25-$70K,North,0
106,12450,2018-02-13,420,CNG,A,2455,1,1,1,1,1,Male,$25-$70K,North,0
107,12451,2018-02-25,420,CNG,A,1611,0,1,0,1,0,Male,$25-$70K,North,0
108,12452,2018-02-03,420,CNG,A,2256,1,0,0,1,0,Male,$25-$70K,North,1
109,12453,2018-02-26,420,CNG,A,1284,0,0,0,0,0,Male,$25-$70K,North,1
110,12454,2018-02-05,420,CNG,A,2067,1,1,0,1,0,Male,$25-$70K,North,0
111,12455,2018-02-11,420,CNG,A,1477,1,0,0,1,0,Male,$25-$70K,North,1
112,12456,2018-02-18,420,CNG,A,865,0,0,0,0,1,Male,$25-$70K,North,1
113,12457,2018-02-01,420,CNG,A,1662,0,0,0,1,1,Male,$25-$70K,North,1
114,12458,2018-02-03,420,CNG,A,1870,0,0,0,0,0,Male,$25-$70K,North,1
115,12459,2018-02-05,420,CNG,A,626,1,1,1,1,0,Male,$25-$70K,North,1
116,12460,2018-02-11,420,CNG,A,1658,1,0,1,1,0,Male,$25-$70K,North,0
117,12461,2018-02-16,420,CNG,A,1168,0,1,0,1,1,Male,$25-$70K,North,0
118,12462,2018-02-02,420,CNG,A,1083,0,0,1,1,0,Male,$25-$70K,North,0
119,12463,2018-02-06,420,CNG,A,2253,0,1,0,1,0,Male,$25-$70K,North,0
120,12464,2018-02-05,420,CNG,A,708,1,1,1,0,1,Male,$25-$70K,North,0
121,12465,2018-02-14,420,CNG,A,2254,1,1,0,1,0,Male,$25-$70K,North,0
122,12466,2018-02-15,420,CNG,A,1092,0,1,0,0,1,Male,$25-$70K,North,0
123,12467,2018-02-26,420,CNG,A,778,1,0,0,0,1,Male,$25-$70K,North,1
124,12468,2018-02-15,420,CNG,A,1041,0,0,1,1,1,Male,$25-$70K,North,0
125,12469,2018-02-03,420,CNG,A,2310,0,0,1,1,0,Male,$25-$70K,North,0
126,12470,2018-02-25,420,CNG,A,2339,1,1,1,1,0,Male,$25-$70K,North,1
127,12471,2018-02-12,420,CNG,A,2218,0,0,1,0,1,Male,$25-$70K,North,0
128,12472,2018-02-11,420,CNG,A,1628,1,1,0,0,1,Male,$25-$70K,North,0
129,12473,2018-02-16,420,CNG,A,850,1,0,1,1,0,Male,$25-$70K,North,1
130,12474,2018-02-14,420,CNG,A,618,0,1,0,1,1,Male,$25-$70K,North,0
131,12475,2018-02-22,420,CNG,A,2128,0,0,0,1,0,Male,$25-$70K,North,1
132,12476,2018-02-16,420,CNG,A,1213,1,0,0,1,1,Male,$25-$70K,North,1
133,12477,2018-02-04,420,CNG,A,749,1,0,1,0,1,Male,$25-$70K,North,0
134,12478,2018-02-14,420,CNG,A,2420,0,0,1,0,1,Male,$25-$70K,North,0
135,12479,2018-02-08,420,CNG,A,1231,0,1,0,1,0,Male,$25-$70K,North,1
136,12480,2018-02-27,420,CNG,A,510,0,1,0,0,1,Male,$25-$70K,North,1
137,12481,2018-02-14,420,CNG,A,2376,0,1,1,0,1,Male,$25-$70K,North,1
138,12482,2018-02-27,420,CNG,A,1746,1,1,0,1,0,Male,$25-$70K,North,0
139,12483,2018-02-21,420,CNG,A,1533,0,0,0,0,1,Male,$25-$70K,North,0
140,12484,2018-02-19,420,CNG,A,901,1,1,1,0,0,Male,$25-$70K,North,0
141,12485,2018-02-04,420,CNG,A,2021,0,0,1,1,0,Male,$25-$70K,North,1
142,12486,2018-02-22,420,CNG,A,1570,0,0,0,0,1,Male,$25-$70K,North,1
143,12487,2018-02-19,420,CNG,A,2338,0,0,1,1,0,Male,$25-$70K,North,1
144,12488,2018-02-10,420,CNG,A,1065,0,0,1,0,1,Male,$25-$70K,North,0
145,12489,2018-02-14,420,CNG,A,2227,0,1,0,0,0,Male,$25-$70K,North,1
146,12490,2018-02-16,420,CNG,A,1721,1,0,0,0,0,Male,$25-$70K,North,1
147,12491,2018-02-05,420,CNG,A,1914,0,0,1,1,0,Male,$25-$70K,North,1
148,12492,2018-02-10,420,CNG,A,1149,0,0,0,0,0,Male,$25-$70K,North,0
149,12493,2018-02-20,420,CNG,A,2033,0,0,1,1,1,Male,$25-$70K,North,0
150,12494,2018-02-22,420,CNG,A,2025,0,0,0,1,0,Male,$25-$70K,North,1
151,12495,2018-02-12,420,CNG,A,743,1,0,1,0,0,Male,$25-$70K,North,1
152,12496,2018-02-18,420,CNG,A,1044,1,0,1,0,1,Male,$25-$70K,North,0
153,12497,2018-02-25,420,CNG,A,1404,1,0,1,0,0,Male,$25-$70K,North,0
154,12498,2018-02-22,420,CNG,A,1569,1,1,1,0,0,Male,$25-$70K,North,0
155,12499,2018-02-01,420,CNG,A,1477,1,0,1,0,1,Male,$25-$70K,North,0
156,12500,2018-02-17,420,CNG,A,1464,1,1,0,1,1,Male,$25-$70K,North,0
157,12501,2018-02-20,420,CNG,A,2487,1,1,0,0,1,Male,$25-$70K,North,0
158,12502,2018-02-15,420,CNG,A,2205,0,1,1,1,0,Male,$25-$70K,North,0
159,12503,2018-02-06,420,CNG,A,2148,0,0,1,0,1,Male,$25-$70K,North,1
160,12504,2018-02-25,420,CNG,A,2006,1,1,0,1,0,Male,$25-$70K,North,1
161,12505,2018-02-27,420,CNG,A,2168,1,1,0,0,1,Male,$25-$70K,North,1
162,12506,2018-02-02,420,CNG,A,1574,0,1,1,0,0,Male,$25-$70K,North,1
163,12507,2018-02-02,420,CNG,A,1764,1,0,0,1,1,Male,$25-$70K,North,1
164,12508,2018-02-06,420,CNG,A,2484,1,1,1,1,0,Male,$25-$70K,North,0
165,12509,2018-02-06,420,CNG,A,640,1,0,1,1,0,Male,$25-$70K,North,0
166,12510,2018-02-12,420,CNG,A,663,0,0,1,1,0,Male,$25-$70K,North,0
167,12511,2018-02-22,420,CNG,A,1504,0,0,0,0,0,Male,$25-$70K,North,1
168,12512,2018-02-17,420,CNG,A,1908,0,1,0,1,1,Male,$25-$70K,North,0
169,12513,2018-02-08,420,CNG,A,519,0,0,0,0,1,Male,$25-$70K,North,1
170,12514,2018-02-05,420,CNG,A,1475,1,1,1,1,0,Male,$25-$70K,North,1
171,12515,2018-02-27,420,CNG,A,1663,1,0,1,1,0,Male,$25-$70K,North,0
172,12516,2018-02-14,420,CNG,A,1179,0,1,0,0,0,Male,$25-$70K,North,1
173,12517,2018-02-17,420,CNG,A,898,0,1,1,0,1,Male,$25-$70K,North,1
174,12518,2018-02-08,420,CNG,A,641,1,0,1,1,0,Male,$25-$70K,North,1
175,12519,2018-02-24,420,CNG,A,1002,0,0,1,0,0,Male,$25-$70K,North,0
176,12520,2018-02-25,420,CNG,A,2253,1,0,1,1,1,Male,$25-$70K,North,0
177,12521,2018-02-10,420,CNG,A,1100,1,0,0,1,1,Male,$25-$70K,North,1
178,12522,2018-02-19,420,CNG,A,2316,0,1,1,1,1,Male,$25-$70K,North,0
179,12523,2018-02-14,420,CNG,A,2387,1,0,1,1,1,Male,$25-$70K,North,1
180,12524,2018-02-21,420,CNG,A,2193,0,1,0,1,0,Male,$25-$70K,North,1
181,12525,2018-02-22,420,CNG,A,2484,1,0,0,0,1,Male,$25-$70K,North,0
182,12526,2018-02-24,420,CNG,A,1835,0,0,1,1,1,Male,$25-$70K,North,1
183,12527,2018-02-13,420,CNG,A,2310,0,0,1,1,0,Male,$25-$70K,North,1
184,12528,2018-02-06,420,CNG,A,545,1,1,0,0,0,Male,$25-$70K,North,0
185,12529,2018-02-21,420,CNG,A,1924,1,0,0,1,1,Male,$25-$70K,North,1
186,12530,2018-02-12,420,CNG,A,615,1,1,1,0,0,Male,$25-$70K,North,0
187,12531,2018-02-02,420,CNG,A,727,1,1,1,0,1,Male,$25-$70K,North,0
188,12532,2018-02-10,420,CNG,A,685,0,1,0,1,1,Male,$25-$70K,North,1
189,12533,2018-02-02,420,CNG,A,2390,0,0,1,1,1,Male,$25-$70K,North,0
190,12534,2018-02-24,420,CNG,A,709,1,0,1,0,1,Male,$25-$70K,North,0
191,12535,2018-02-27,420,CNG,A,910,0,1,1,0,0,Male,$25-$70K,North,0
192,12536,2018-02-19,420,CNG,A,1030,0,1,1,0,0,Male,$25-$70K,North,1
193,12537,2018-02-16,420,CNG,A,1538,1,0,1,1,1,Male,$25-$70K,North,1
194,12538,2018-02-17,420,CNG,A,600,0,1,1,0,0,Male,$25-$70K,North,0
195,12539,2018-02-21,420,CNG,A,540,1,1,0,0,1,Male,$25-$70K,North,1
196,12540,2018-02-16,420,CNG,A,997,1,1,1,0,0,Male,$25-$70K,North,1
197,12541,2018-02-11,420,CNG,A,2086,0,0,0,1,1,Male,$25-$70K,North,1
198,12542,2018-02-15,420,CNG,A,2491,1,0,0,1,0,Male,$25-$70K,North,1
199,12543,2018-02-22,420,CNG,A,651,1,1,1,0,1,Male,$25-$70K,North,1
200,12544,2018-02-23,420,CNG,A,1359,1,1,1,1,0,Male,$25-$70K,North,1
201,12545,2018-03-22,420,CNG,A,1109,1,0,1,0,1,Male,$25-$70K,North,1
202,12546,2018-03-23,420,CNG,A,2347,1,1,1,1,0,Male,$25-$70K,North,1
203,12547,2018-03-18,420,CNG,A,966,0,0,1,1,1,Male,$25-$70K,North,1
204,12548,2018-03-07,420,CNG,A,935,0,1,0,1,0,Male,$25-$70K,North,1
205,12549,2018-03-27,420,CNG,A,2191,0,1,0,0,0,Male,$25-$70K,North,1
206,12550,2018-03-18,420,CNG,A,1245,0,1,0,1,0,Male,$25-$70K,North,1
207,12551,2018-03-05,420,CNG,A,2448,0,0,1,1,0,Male,$25-$70K,North,1
208,12552,2018-03-29,420,CNG,A,525,0,1,1,0,1,Male,$25-$70K,North,0
209,12553,2018-03-02,420,CNG,A,1214,1,0,0,1,1,Male,$25-$70K,North,1
210,12554,2018-03-10,420,CNG,A,836,1,1,0,1,0,Male,$25-$70K,North,1
211,12555,2018-03-03,420,CNG,A,525,1,1,0,0,0,Male,$25-$70K,North,0
212,12556,2018-03-27,420,CNG,A,1640,0,1,0,0,0,Male,$25-$70K,North,0
213,12557,2018-03-02,420,CNG,A,554,1,0,0,0,0,Male,$25-$70K,North,1
214,12558,2018-03-20,420,CNG,A,599,0,1,1,1,0,Male,$25-$70K,North,0
215,12559,2018-03-30,420,CNG,A,1269,1,1,1,1,0,Male,$25-$70K,North,1
216,12560,2018-03-24,420,CNG,A,838,1,0,0,1,1,Male,$25-$70K,North,1
217,12561,2018-03-18,420,CNG,A,745,1,0,1,0,1,Male,$25-$70K,North,0
218,12562,2018-03-28,420,CNG,A,1349,1,0,1,1,0,Male,$25-$70K,North,1
219,12563,2018-03-22,420,CNG,A,646,1,0,0,1,0,Male,$25-$70K,North,0
220,12564,2018-03-01,420,CNG,A,1322,1,1,1,1,0,Male,$25-$70K,North,0
221,12565,2018-03-30,420,CNG,A,1050,0,0,1,0,0,Male,$25-$70K,North,1
222,12566,2018-03-23,420,CNG,A,2114,0,1,0,0,0,Male,$25-$70K,North,1
223,12567,2018-03-23,420,CNG,A,1674,0,0,1,1,1,Male,$25-$70K,North,1
224,12568,2018-03-30,420,CNG,A,690,1,1,1,1,0,Male,$25-$70K,North,0
225,12569,2018-03-23,420,CNG,A,1679,1,0,1,0,0,Male,$25-$70K,North,0
226,12570,2018-03-10,420,CNG,A,1634,1,0,1,1,1,Male,$25-$70K,North,0
227,12571,2018-03-18,420,CNG,A,1241,1,1,1,0,1,Male,$25-$70K,North,1
228,12572,2018-03-11,420,CNG,A,774,1,1,1,0,0,Male,$25-$70K,North,0
229,12573,2018-03-15,420,CNG,A,1049,1,0,1,1,0,Male,$25-$70K,North,0
230,12574,2018-03-05,420,CNG,A,697,0,0,0,1,1,Male,$25-$70K,North,0
231,12575,2018-03-10,420,CNG,A,653,0,1,0,0,0,Male,$25-$70K,North,1
232,12576,2018-03-10,420,CNG,A,1908,1,0,0,1,0,Male,$25-$70K,North,0
233,12577,2018-03-14,420,CNG,A,2445,0,0,1,0,1,Male,$25-$70K,North,1
234,12578,2018-03-21,420,CNG,A,613,1,0,1,0,1,Male,$25-$70K,North,0
235,12579,2018-03-21,420,CNG,A,1560,1,0,1,1,1,Male,$25-$70K,North,1
236,12580,2018-03-22,420,CNG,A,1651,0,1,0,0,1,Male,$25-$70K,North,1
237,12581,2018-03-03,420,CNG,A,2490,1,1,1,0,1,Male,$25-$70K,North,1
238,12582,2018-03-10,420,CNG,A,1669,0,0,1,0,0,Male,$25-$70K,North,1
239,12583,2018-03-09,420,CNG,A,1774,1,0,1,0,0,Male,$25-$70K,North,0
240,12584,2018-03-28,420,CNG,A,1556,1,0,1,1,0,Male,$25-$70K,North,0
241,12585,2018-03-08,420,CNG,A,890,1,1,1,0,0,Male,$25-$70K,North,1
242,12586,2018-03-09,420,CNG,A,1169,0,0,0,1,1,Male,$25-$70K,North,0
243,12587,2018-03-20,420,CNG,A,1479,0,0,1,1,1,Male,$25-$70K,North,0
244,12588,2018-03-25,420,CNG,A,1103,0,0,0,0,1,Male,$25-$70K,North,0
245,12589,2018-03-25,420,CNG,A,1747,1,1,1,1,0,Male,$25-$70K,North,1
246,12590,2018-03-22,420,CNG,A,2047,1,1,1,0,0,Male,$25-$70K,North,1
247,12591,2018-03-08,420,CNG,A,878,1,1,1,1,0,Male,$25-$70K,North,1
248,12592,2018-03-25,420,CNG,A,2073,1,1,0,1,0,Male,$25-$70K,North,0
249,12593,2018-03-04,420,CNG,A,519,0,1,1,0,0,Male,$25-$70K,North,0
250,12594,2018-03-21,420,CNG,A,1215,1,1,0,0,0,Male,$25-$70K,North,0
251,12595,2018-03-25,420,CNG,A,1821,0,1,1,0,0,Male,$25-$70K,North,0
252,12596,2018-12-26,420,CNG,A,598,1,0,1,1,0,Male,$25-$70K,North,1
253,12597,2018-12-10,420,CNG,A,1768,0,0,0,1,0,Male,$25-$70K,North,1
254,12598,2018-12-10,420,CNG,A,1821,1,0,0,1,0,Male,$25-$70K,North,1
255,12599,2018-12-27,420,CNG,A,2093,0,0,1,0,0,Male,$25-$70K,North,0
256,12600,2018-12-01,420,CNG,A,727,0,1,1,0,1,Male,$25-$70K,North,1
257,12601,2018-12-23,420,CNG,A,2038,1,1,0,0,0,Male,$25-$70K,North,1
258,12602,2018-12-26,420,CNG,A,1830,1,1,0,1,0,Male,$25-$70K,North,0
259,12603,2018-12-25,420,CNG,A,1607,0,1,0,1,0,Male,$25-$70K,North,0
260,12604,2018-12-06,420,CNG,A,1591,1,0,0,1,1,Male,$25-$70K,North,0
261,12605,2018-12-20,420,CNG,A,856,1,1,0,0,1,Male,$25-$70K,North,1
262,12606,2018-12-25,420,CNG,A,2135,1,0,0,1,1,Male,$25-$70K,North,0
263,12607,2018-12-30,420,CNG,A,854,1,1,0,0,0,Male,$25-$70K,North,0
264,12608,2018-12-07,420,CNG,A,2202,1,0,1,0,1,Male,$25-$70K,North,0
265,12609,2018-12-01,420,CNG,A,1282,0,0,1,1,1,Male,$25-$70K,North,0
266,12610,2018-12-01,420,CNG,A,1975,1,1,0,1,0,Male,$25-$70K,North,0
267,12611,2018-12-12,420,CNG,A,1390,1,0,1,0,1,Male,$25-$70K,North,0
268,12612,2018-12-19,420,CNG,A,642,0,1,1,0,0,Male,$25-$70K,North,0
269,12613,2018-12-09,420,CNG,A,1453,1,0,0,0,1,Male,$25-$70K,North,0
270,12614,2018-12-11,420,CNG,A,2031,0,0,0,1,1,Male,$25-$70K,North,1
271,12615,2018-12-06,420,CNG,A,2212,1,0,0,1,0,Male,$25-$70K,North,1
272,12616,2018-12-03,420,CNG,A,902,0,0,1,1,1,Male,$25-$70K,North,0
273,12617,2018-12-28,420,CNG,A,2365,0,1,1,0,1,Male,$25-$70K,North,1
274,12618,2018-12-25,420,CNG,A,733,1,1,1,0,0,Male,$25-$70K,North,1
275,12619,2018-12-09,420,CNG,A,2266,1,1,0,0,1,Male,$25-$70K,North,0
276,12620,2018-03-17,420,CNG,A,2373,1,1,0,1,0,Male,$25-$70K,North,1
277,12621,2018-03-03,420,CNG,A,776,1,0,0,0,0,Male,$25-$70K,North,0
278,12622,2018-03-28,420,CNG,A,1729,1,1,0,0,0,Male,$25-$70K,North,0
279,12623,2018-03-30,420,CNG,A,2437,0,1,1,1,1,Male,$25-$70K,North,1
280,12624,2018-03-26,420,CNG,A,1173,0,0,0,0,1,Male,$25-$70K,North,0
281,12625,2018-03-01,420,CNG,A,751,0,1,1,1,1,Male,$25-$70K,North,1
282,12626,2018-03-21,420,CNG,A,2499,1,1,0,0,0,Male,$25-$70K,North,0
283,12627,2018-03-23,420,CNG,A,2292,1,0,0,0,0,Male,$25-$70K,North,0
284,12628,2018-03-08,420,CNG,A,1359,0,0,1,0,1,Male,$25-$70K,North,0
285,12629,2018-03-08,420,CNG,A,613,0,0,1,0,0,Male,$25-$70K,North,1
286,12630,2018-03-26,420,CNG,A,694,1,1,1,1,0,Male,$25-$70K,North,1
287,12631,2018-03-21,420,CNG,A,585,1,0,1,0,0,Male,$25-$70K,North,1
288,12632,2018-03-01,420,CNG,A,1965,0,1,0,0,0,Male,$25-$70K,North,0
289,12633,2018-03-10,420,CNG,A,1414,0,0,0,0,0,Male,$25-$70K,North,1
290,12634,2018-03-16,420,CNG,A,1015,0,0,1,0,0,Male,$25-$70K,North,0
291,12635,2018-03-28,420,CNG,A,1074,0,0,1,0,0,Male,$25-$70K,North,0
292,12636,2018-03-24,420,CNG,A,1583,1,1,0,0,1,Male,$25-$70K,North,1
293,12637,2018-03-11,420,CNG,A,873,0,0,0,0,0,Male,$25-$70K,North,0
294,12638,2018-03-03,420,CNG,A,1650,0,1,0,1,1,Male,$25-$70K,North,1
295,12639,2018-03-24,420,CNG,A,2104,1,1,1,1,0,Male,$25-$70K,North,1
296,12640,2018-03-16,420,CNG,A,1328,0,0,1,1,1,Male,$25-$70K,North,1
297,12641,2018-03-20,420,CNG,A,2390,1,0,0,0,0,Male,$25-$70K,North,1
298,12642,2018-03-11,420,CNG,A,948,0,0,1,0,0,Male,$25-$70K,North,1
299,12643,2018-03-06,420,CNG,A,1116,1,1,1,0,0,Male,$25-$70K,North,1
300,12644,2018-03-02,420,CNG,A,1101,1,0,0,1,1,Male,$25-$70K,North,0
301,12645,2018-04-24,420,CNG,A,1302,1,1,0,1,1,Male,$25-$70K,North,0
302,12646,2018-04-04,420,CNG,A,1895,0,1,0,1,1,Male,$25-$70K,North,0
303,12647,2018-04-24,420,CNG,A,1601,0,1,0,0,0,Male,$25-$70K,North,1
304,12648,2018-04-24,420,CNG,A,1110,1,0,1,0,1,Male,$25-$70K,North,0
305,12649,2018-04-06,420,CNG,A,2049,1,0,1,0,1,Male,$25-$70K,North,0
306,12650,2018-04-17,420,CNG,A,598,1,0,0,1,0,Male,$25-$70K,North,1
307,12651,2018-04-28,420,CNG,A,1023,0,1,0,0,1,Male,$25-$70K,North,1
308,12652,2018-04-12,420,CNG,A,1638,1,1,0,1,1,Male,$25-$70K,North,0
309,12653,2018-04-11,420,CNG,A,2076,1,1,0,0,1,Male,$25-$70K,North,1
310,12654,2018-04-25,420,CNG,A,738,0,1,1,1,0,Male,$25-$70K,North,1
311,12655,2018-04-13,420,CNG,A,1869,0,0,1,0,0,Male,$25-$70K,North,1
312,12656,2018-04-22,420,CNG,A,2455,1,0,0,1,1,Male,$25-$70K,North,0
313,12657,2018-04-06,420,CNG,A,1506,0,0,1,1,0,Male,$25-$70K,North,1
314,12658,2018-04-19,420,CNG,A,1615,1,0,0,1,0,Male,$25-$70K,North,0
315,12659,2018-04-23,420,CNG,A,2399,1,0,0,1,0,Male,$25-$70K,North,1
316,12660,2018-04-16,420,CNG,A,761,0,1,0,0,0,Male,$25-$70K,North,1
317,12661,2018-04-19,420,CNG,A,1553,1,0,0,1,1,Male,$25-$70K,North,1
318,12662,2018-04-19,420,CNG,A,1873,0,1,1,0,0,Male,$25-$70K,North,1
319,12663,2018-04-24,420,CNG,A,2190,0,1,1,1,1,Male,$25-$70K,North,0
320,12664,2018-04-22,420,CNG,A,1150,1,0,0,0,0,Male,$25-$70K,North,1
321,12665,2018-04-06,420,CNG,A,2495,1,1,1,1,1,Male,$25-$70K,North,1
322,12666,2018-04-10,420,CNG,A,1211,1,0,1,1,0,Male,$25-$70K,North,1
323,12667,2018-04-22,420,CNG,A,1944,0,0,0,0,0,Male,$25-$70K,North,0
324,12668,2018-04-06,420,CNG,A,795,0,1,1,0,1,Male,$25-$70K,North,0
325,12669,2018-04-23,420,CNG,A,1726,0,1,1,1,1,Male,$25-$70K,North,1
326,12670,2018-04-26,420,CNG,A,1412,1,0,0,1,1,Male,$25-$70K,North,1
327,12671,2018-04-19,420,CNG,A,681,1,0,1,1,0,Male,$25-$70K,North,0
328,12672,2018-04-08,420,CNG,A,1428,1,1,0,0,0,Male,$25-$70K,North,0
329,12673,2018-04-08,420,CNG,A,1891,1,0,0,1,1,Male,$25-$70K,North,0
330,12674,2018-04-11,420,CNG,A,621,1,1,0,0,1,Male,$25-$70K,North,0
331,12675,2018-04-12,420,CNG,A,1475,0,0,0,1,0,Male,$25-$70K,North,1
332,12676,2018-04-29,420,CNG,A,2205,0,1,0,1,1,Male,$25-$70K,North,1
333,12677,2018-04-25,420,CNG,A,555,1,0,0,1,0,Male,$25-$70K,North,0
334,12678,2018-04-18,420,CNG,A,2437,0,1,0,1,1,Male,$25-$70K,North,1
335,12679,2018-04-26,420,CNG,A,1837,0,0,1,1,1,Male,$25-$70K,North,0
336,12680,2018-04-05,420,CNG,A,1798,1,0,1,0,1,Male,$25-$70K,North,1
337,12681,2018-04-28,420,CNG,A,1759,0,0,0,1,0,Male,$25-$70K,North,0
338,12682,2018-04-07,420,CNG,A,2125,0,0,1,0,0,Male,$25-$70K,North,1
339,12683,2018-04-01,420,CNG,A,1429,0,1,0,1,1,Male,$25-$70K,North,0
340,12684,2018-04-27,420,CNG,A,548,1,0,1,1,1,Male,$25-$70K,North,1
341,12685,2018-04-07,420,CNG,A,2081,1,1,1,0,0,Male,$25-$70K,North,1
342,12686,2018-04-17,420,CNG,A,940,1,0,0,0,1,Male,$25-$70K,North,0
343,12687,2018-04-20,420,CNG,A,1835,1,1,1,0,1,Male,$25-$70K,North,1
344,12688,2018-04-14,420,CNG,A,744,1,0,0,0,1,Male,$25-$70K,North,1
345,12689,2018-04-15,420,CNG,A,1193,0,0,1,0,1,Male,$25-$70K,North,0
346,12690,2018-04-05,420,CNG,A,1328,0,0,0,0,1,Male,$25-$70K,North,1
347,12691,2018-04-10,420,CNG,A,1752,1,1,1,1,1,Male,$25-$70K,North,0
348,12692,2018-04-23,420,CNG,A,614,1,0,0,1,1,Male,$25-$70K,North,1
349,12693,2018-04-28,420,CNG,A,644,0,0,1,0,1,Male,$25-$70K,North,0
350,12694,2018-04-03,420,CNG,A,2362,0,1,1,0,0,Male,$25-$70K,North,1
351,12695,2018-04-21,420,CNG,A,1450,1,0,0,0,0,Male,$25-$70K,North,1
352,12696,2018-04-02,420,CNG,A,2032,0,1,1,0,0,Male,$25-$70K,North,1
353,12697,2018-04-12,420,CNG,A,516,0,0,0,0,0,Male,$25-$70K,North,1
354,12698,2018-04-30,420,CNG,A,513,0,1,1,0,0,Male,$25-$70K,North,1
355,12699,2018-04-25,420,CNG,A,677,1,1,1,1,1,Male,$25-$70K,North,1
356,12700,2018-04-23,755,CNG,A,2050,1,0,0,1,1,Male,$25-$70K,North,0
357,12701,2018-04-10,756,CNG,A,785,0,1,0,1,0,Male,$25-$70K,North,1
358,12702,2018-04-12,757,CNG,A,1770,1,1,0,0,1,Male,$25-$70K,North,0
359,12703,2018-04-03,758,CNG,A,2437,0,0,1,0,1,Male,$25-$70K,North,0
360,12704,2018-04-14,759,CNG,A,595,0,0,1,1,0,Male,$25-$70K,North,0
361,12705,2018-04-17,760,CNG,A,1868,1,1,0,1,0,Male,$25-$70K,North,1
362,12706,2018-04-01,761,CNG,A,1300,0,1,0,0,1,Male,$25-$70K,North,0
363,12707,2018-04-26,762,CNG,A,1830,0,0,1,1,0,Male,$25-$70K,North,0
364,12708,2018-04-04,763,CNG,A,1893,0,1,1,1,0,Male,$25-$70K,South,1
365,12709,2018-04-29,764,CNG,A,1256,0,1,1,0,0,Male,$25-$70K,South,0
366,12710,2018-04-29,765,CNG,A,839,1,0,0,1,0,Male,$25-$70K,South,0
367,12711,2018-04-16,766,CNG,A,1954,0,0,0,1,0,Male,$25-$70K,South,0
368,12712,2018-04-12,767,CNG,A,2001,1,1,0,0,0,Male,$25-$70K,South,1
369,12713,2018-04-04,768,CNG,A,1375,1,1,1,1,1,Male,$25-$70K,South,1
370,12714,2018-04-25,769,CNG,A,1134,0,0,0,0,1,Male,$25-$70K,South,1
371,12715,2018-04-25,770,CNG,A,2239,0,0,0,0,0,Male,$25-$70K,South,0
372,12716,2018-04-15,771,CNG,A,2445,1,0,0,1,0,Male,$25-$70K,South,0
373,12717,2018-04-13,772,CNG,A,1095,0,0,0,0,1,Male,$25-$70K,South,1
374,12718,2018-04-30,773,CNG,A,2326,1,0,1,0,0,Male,$25-$70K,South,0
375,12719,2018-04-06,774,CNG,A,1169,0,0,0,1,0,Male,$25-$70K,South,1
376,12720,2018-04-22,775,CNG,A,1186,1,0,0,0,1,Male,$25-$70K,South,1
377,12721,2018-04-11,776,CNG,A,1362,0,1,0,0,0,Male,$25-$70K,South,0
378,12722,2018-04-28,777,CNG,A,1091,0,1,0,1,0,Male,$25-$70K,South,0
379,12723,2018-04-17,778,CNG,A,1133,0,0,0,1,0,Male,$25-$70K,South,0
380,12724,2018-04-22,779,CNG,A,1657,1,1,0,1,0,Male,$25-$70K,South,1
381,12725,2018-04-17,780,CNG,A,1265,0,0,0,0,0,Male,$25-$70K,South,0
382,12726,2018-04-14,781,CNG,A,2162,1,0,0,0,0,Male,$25-$70K,South,1
383,12727,2018-04-28,782,CNG,A,1675,0,1,1,1,0,Male,$25-$70K,South,0
384,12728,2018-04-08,783,CNG,A,1066,1,1,1,0,1,Male,$25-$70K,South,0
385,12729,2018-04-06,784,CNG,A,1008,1,0,0,1,1,Male,$25-$70K,South,0
386,12730,2018-04-14,785,CNG,A,508,0,0,1,1,0,Male,$25-$70K,South,1
387,12731,2018-04-25,786,CNG,A,708,1,0,0,1,0,Male,$25-$70K,South,1
388,12732,2018-04-10,787,CNG,A,2129,1,1,1,1,1,Male,$25-$70K,South,0
389,12733,2018-04-12,788,CNG,A,1633,0,1,0,1,1,Male,$25-$70K,South,0
390,12734,2018-04-07,789,CNG,A,954,1,1,1,0,0,Male,$25-$70K,South,0
391,12735,2018-04-06,790,CNG,A,1413,1,1,1,1,0,Male,$25-$70K,South,0
392,12736,2018-04-18,791,CNG,A,1674,0,0,1,0,1,Male,$25-$70K,South,1
393,12737,2018-04-03,792,CNG,A,2246,1,1,0,0,1,Male,$25-$70K,South,1
394,12738,2018-04-23,793,CNG,A,1700,0,1,0,1,1,Male,$25-$70K,South,1
395,12739,2018-04-07,794,CNG,A,782,1,1,1,1,1,Male,$25-$70K,South,1
396,12740,2018-04-05,795,CNG,A,2069,0,0,1,0,1,Male,$25-$70K,South,1
397,12741,2018-04-02,796,CNG,A,1932,1,1,1,0,0,Male,$25-$70K,South,1
398,12742,2018-04-23,797,CNG,A,1389,1,1,0,1,0,Male,$25-$70K,South,1
399,12743,2018-04-05,798,CNG,A,1378,0,0,0,1,1,Male,$25-$70K,South,0
400,12744,2018-04-24,799,CNG,A,1142,1,1,1,0,0,Male,$25-$70K,South,1
401,12745,2018-04-11,800,CNG,A,1305,1,1,0,1,0,Male,$25-$70K,South,0
402,12746,2018-04-27,801,CNG,A,790,1,0,1,1,1,Male,$25-$70K,South,1
403,12747,2018-04-30,802,CNG,A,811,0,1,1,0,0,Male,$25-$70K,South,1
404,12748,2018-04-26,803,CNG,A,1860,0,1,0,1,1,Male,$25-$70K,South,0
405,12749,2018-04-06,804,CNG,A,1858,0,1,0,0,0,Male,$25-$70K,South,0
406,12750,2018-04-16,805,CNG,A,1981,1,0,1,1,1,Male,$25-$70K,South,1
407,12751,2018-04-11,806,CNG,A,1654,0,1,0,0,0,Male,$25-$70K,South,0
408,12752,2018-04-19,807,CNG,A,2449,0,1,1,0,1,Male,$25-$70K,South,0
409,12753,2018-04-13,808,CNG,A,2087,1,1,0,0,0,Male,$25-$70K,South,0
410,12754,2018-04-29,809,CNG,A,1815,0,1,0,1,1,Male,$25-$70K,South,0
411,12755,2018-04-26,810,CNG,A,781,1,1,1,1,1,Male,$25-$70K,South,1
412,12756,2018-04-05,811,CNG,A,2428,1,0,0,0,0,Male,$25-$70K,South,0
413,12757,2018-04-27,812,CNG,A,587,0,1,1,1,0,Male,$25-$70K,South,1
414,12758,2018-04-02,813,CNG,A,1897,1,0,1,1,0,Male,$25-$70K,South,1
415,12759,2018-04-29,814,CNG,A,517,0,1,0,1,1,Male,$25-$70K,South,0
416,12760,2018-04-02,815,CNG,A,1705,0,1,1,1,0,Male,$25-$70K,South,0
417,12761,2018-04-07,816,CNG,A,912,1,0,1,1,0,Male,$25-$70K,South,1
418,12762,2018-04-02,817,CNG,A,2204,1,1,1,0,0,Male,$25-$70K,South,0
419,12763,2018-04-02,818,CNG,A,2207,0,1,1,0,0,Male,$25-$70K,South,0
420,12764,2018-04-23,819,CNG,A,1943,0,0,1,1,0,Male,$25-$70K,South,1
421,12765,2018-04-29,820,CNG,A,1625,0,1,1,1,0,Male,$25-$70K,South,0
422,12766,2018-04-30,821,CNG,A,762,1,0,1,1,0,Male,$25-$70K,South,0
423,12767,2018-04-13,822,CNG,A,1595,0,0,0,1,0,Male,$25-$70K,South,1
424,12768,2018-04-27,823,CNG,A,625,0,0,0,0,0,Male,$25-$70K,South,1
425,12769,2018-04-09,824,CNG,A,1484,0,0,0,0,0,Male,$25-$70K,South,0
426,12770,2018-04-30,825,CNG,A,1604,1,1,1,0,1,Male,$25-$70K,South,0
427,12771,2018-04-08,826,CNG,A,1046,0,0,1,1,1,Male,$25-$70K,South,0
428,12772,2018-04-06,827,CNG,A,694,0,0,1,0,1,Male,$25-$70K,South,0
429,12773,2018-04-17,828,CNG,A,1248,1,1,1,0,1,Male,$25-$70K,South,0
430,12774,2018-04-02,829,CNG,A,2111,1,0,1,0,1,Male,$25-$70K,South,0
431,12775,2018-04-04,830,CNG,A,1648,0,1,1,1,1,Male,$25-$70K,South,1
432,12776,2018-04-21,831,CNG,A,630,0,0,0,0,0,Male,$25-$70K,South,1
433,12777,2018-04-19,832,CNG,A,1829,0,0,0,0,0,Male,$25-$70K,South,0
434,12778,2018-04-21,833,CNG,A,2113,0,0,0,0,0,Male,$25-$70K,South,0
435,12779,2018-04-18,834,CNG,A,734,1,1,0,1,0,Male,$25-$70K,South,1
436,12780,2018-04-08,835,CNG,A,2177,1,0,1,0,1,Male,$25-$70K,South,0
437,12781,2018-04-07,836,CNG,A,1923,0,0,1,0,1,Male,$25-$70K,South,0
438,12782,2018-04-18,837,CNG,A,1340,0,1,0,0,1,Male,$25-$70K,South,0
439,12783,2018-04-15,838,CNG,A,1282,1,0,0,1,0,Male,$25-$70K,South,0
440,12784,2018-04-05,839,CNG,A,2479,1,1,0,1,1,Male,$25-$70K,South,1
441,12785,2018-04-11,840,CNG,A,1206,0,1,1,1,0,Male,$25-$70K,South,0
442,12786,2018-04-23,840,CNG,A,1116,1,0,0,0,1,Male,$25-$70K,South,0
443,12787,2018-04-24,840,CNG,A,1845,0,1,0,1,0,Male,$25-$70K,South,0
444,12788,2018-04-16,840,CNG,A,600,0,1,0,0,1,Male,$25-$70K,South,1
445,12789,2018-04-01,840,CNG,A,812,1,1,1,0,0,Male,$25-$70K,South,1
446,12790,2018-04-26,840,CNG,A,2278,1,1,0,1,0,Male,$25-$70K,South,0
447,12791,2018-04-05,840,CNG,A,1488,1,0,1,0,0,Male,$25-$70K,South,0
448,12792,2018-04-28,840,CNG,A,1445,0,1,0,0,1,Male,$25-$70K,South,0
449,12793,2018-04-15,840,CNG,A,1677,1,0,0,0,0,Male,$25-$70K,South,0
450,12794,2018-04-07,840,CNG,A,2143,0,0,0,0,1,Male,$25-$70K,South,0
451,12795,2018-04-09,840,CNG,A,1124,0,1,1,1,0,Male,$25-$70K,South,1
452,12796,2018-04-29,840,CNG,A,2076,1,0,0,0,1,Male,$25-$70K,South,0
453,12797,2018-04-20,840,CNG,A,614,0,0,0,0,1,Male,$25-$70K,South,0
454,12798,2018-04-22,840,CNG,A,854,1,0,1,0,1,Male,$25-$70K,South,0
455,12799,2018-04-22,840,CNG,A,861,1,0,0,0,0,Male,$25-$70K,South,0
456,12800,2018-04-17,840,CNG,A,2323,1,0,0,1,0,Male,$25-$70K,South,1
457,12801,2018-04-29,840,CNG,A,508,0,0,0,1,1,Male,$25-$70K,South,0
458,12802,2018-04-12,840,CNG,A,1484,1,0,1,1,0,Male,$25-$70K,South,0
459,12803,2018-04-21,840,CNG,A,1273,0,1,1,0,0,Male,$25-$70K,South,0
460,12804,2018-04-15,840,CNG,A,796,0,1,0,1,0,Male,$25-$70K,South,0
461,12805,2018-04-26,840,CNG,A,681,0,1,1,1,0,Male,$25-$70K,South,0
462,12806,2018-04-03,840,CNG,A,1639,1,1,1,1,1,Male,$25-$70K,South,1
463,12807,2018-04-15,840,CNG,A,791,0,0,1,1,1,Male,$25-$70K,South,0
464,12808,2018-04-06,840,CNG,A,845,1,1,1,0,1,Male,>$70K,South,1
465,12809,2018-04-08,840,CNG,A,920,0,1,0,1,0,Male,>$70K,South,1
466,12810,2018-04-25,840,CNG,A,2123,0,0,0,1,1,Male,>$70K,South,1
467,12811,2018-04-07,840,CNG,A,1973,1,0,0,0,0,Male,>$70K,South,0
468,12812,2018-04-16,840,CNG,A,2234,0,0,1,1,1,Male,>$70K,South,0
469,12813,2018-04-14,840,CNG,A,1988,0,0,0,0,0,Male,>$70K,South,1
470,12814,2018-04-16,840,CNG,A,2366,1,1,0,0,0,Male,>$70K,South,1
471,12815,2018-04-15,840,CNG,A,1773,1,0,1,0,0,Male,>$70K,South,1
472,12816,2018-04-09,840,CNG,A,1017,1,0,1,0,0,Male,>$70K,South,0
473,12817,2018-04-08,840,CNG,A,1008,1,1,1,0,1,Male,>$70K,South,0
474,12818,2018-04-21,840,CNG,A,1088,1,0,0,1,1,Male,>$70K,South,1
475,12819,2018-04-08,840,CNG,A,923,1,0,1,0,1,Male,>$70K,South,0
476,12820,2018-04-05,840,CNG,A,813,1,0,1,0,1,Male,>$70K,South,1
477,12821,2018-04-18,840,CNG,A,1982,1,1,1,1,1,Male,>$70K,South,1
478,12822,2018-04-20,840,CNG,A,549,1,1,0,1,1,Male,>$70K,South,1
479,12823,2018-04-22,840,CNG,A,1389,0,0,1,0,1,Male,>$70K,South,1
480,12824,2018-04-19,840,CNG,A,2268,0,0,0,1,1,Male,>$70K,South,1
481,12825,2018-04-21,840,CNG,A,770,1,1,0,0,1,Male,>$70K,South,1
482,12826,2018-04-26,840,CNG,A,887,1,0,1,1,0,Male,>$70K,South,0
483,12827,2018-04-17,840,CNG,A,1758,1,0,1,1,0,Male,>$70K,South,1
484,12828,2018-04-12,840,CNG,A,1018,1,0,1,0,1,Male,>$70K,South,0
485,12829,2018-04-09,840,CNG,A,2162,1,1,0,1,0,Male,>$70K,South,0
486,12830,2018-04-21,840,CNG,A,860,0,1,1,1,1,Male,>$70K,South,0
487,12831,2018-04-24,840,CNG,A,1319,0,1,1,0,0,Male,>$70K,South,1
488,12832,2018-04-08,840,CNG,A,1918,1,1,1,1,0,Male,>$70K,South,0
489,12833,2018-04-04,840,CNG,A,732,0,1,1,1,0,Male,>$70K,South,1
490,12834,2018-04-01,840,CNG,A,1019,1,1,0,1,0,Male,>$70K,South,1
491,12835,2018-04-26,840,CNG,A,2415,0,1,1,0,0,Male,>$70K,South,1
492,12836,2018-04-18,840,CNG,A,1538,1,0,1,1,0,Male,>$70K,South,0
493,12837,2018-04-20,840,CNG,A,2279,1,0,1,1,0,Male,>$70K,South,1
494,12838,2018-04-26,840,CNG,A,2218,0,0,0,0,0,Male,>$70K,South,0
495,12839,2018-04-20,840,CNG,A,1653,1,0,1,0,0,Male,>$70K,South,0
496,12840,2018-04-09,840,CNG,A,2436,1,1,1,0,1,Male,>$70K,South,0
497,12841,2018-04-19,840,CNG,A,1673,0,0,0,1,0,Male,>$70K,South,1
498,12842,2018-04-03,840,CNG,A,2332,0,0,0,1,1,Male,>$70K,South,0
499,12843,2018-04-19,840,CNG,A,959,0,0,1,0,1,Male,>$70K,South,0
500,12844,2018-04-27,840,CNG,A,837,1,0,0,1,1,Male,>$70K,South,0
501,12845,2018-05-02,840,CNG,A,2434,0,0,1,1,0,Male,>$70K,South,0
502,12846,2018-05-08,840,CNG,A,1778,1,1,0,1,1,Male,>$70K,South,1
503,12847,2018-05-27,840,CNG,A,2417,0,0,1,1,1,Male,>$70K,South,1
504,12848,2018-05-07,840,CNG,A,1775,1,1,0,0,0,Male,>$70K,South,1
505,12849,2018-05-27,840,CNG,A,1210,0,1,0,1,0,Male,>$70K,South,0
506,12850,2018-05-27,840,CNG,A,568,0,1,1,1,1,Male,>$70K,South,1
507,12851,2018-05-22,840,CNG,A,724,1,0,1,1,0,Male,>$70K,South,0
508,12852,2018-05-02,840,CNG,A,1760,1,1,1,1,1,Male,>$70K,South,0
509,12853,2018-05-13,840,CNG,A,1345,1,1,1,1,0,Male,>$70K,South,1
510,12854,2018-05-05,840,CNG,A,2094,1,1,0,0,0,Male,>$70K,South,0
511,12855,2018-05-25,840,CNG,A,2241,1,1,1,0,0,Male,>$70K,South,0
512,12856,2018-05-03,840,CNG,A,1488,1,1,0,1,1,Male,>$70K,South,0
513,12857,2018-05-28,840,CNG,A,1028,1,1,1,1,1,Male,>$70K,South,1
514,12858,2018-05-09,840,CNG,A,1252,0,0,1,1,0,Male,>$70K,South,0
515,12859,2018-05-10,840,CNG,A,2445,0,0,1,0,0,Male,>$70K,South,1
516,12860,2018-05-11,840,CNG,A,1525,1,0,1,1,0,Male,>$70K,South,1
517,12861,2018-05-10,840,CNG,A,1157,1,0,0,1,0,Male,>$70K,South,1
518,12862,2018-05-22,840,CNG,A,902,1,0,0,1,0,Male,>$70K,South,0
519,12863,2018-05-01,840,CNG,A,2082,0,0,0,1,0,Male,>$70K,South,0
520,12864,2018-05-22,840,CNG,A,1723,1,1,0,1,1,Male,>$70K,South,0
521,12865,2018-05-06,840,CNG,A,1532,0,0,1,1,1,Male,>$70K,South,1
522,12866,2018-05-14,840,CNG,A,972,0,0,1,0,0,Male,>$70K,South,0
523,12867,2018-05-05,840,CNG,A,1089,0,1,0,1,1,Male,>$70K,South,1
524,12868,2018-05-11,840,CNG,A,2400,1,1,1,1,1,Male,>$70K,South,0
525,12869,2018-05-22,840,CNG,A,1667,1,1,1,1,0,Male,>$70K,South,0
526,12870,2018-05-30,840,CNG,A,908,1,1,0,1,1,Male,>$70K,South,0
527,12871,2018-05-10,840,CNG,A,1719,1,0,1,0,1,Male,>$70K,South,1
528,12872,2018-05-24,840,CNG,A,1148,0,1,1,0,0,Male,>$70K,South,1
529,12873,2018-05-15,840,CNG,A,1412,0,1,0,0,1,Male,>$70K,South,0
530,12874,2018-05-06,840,CNG,A,1291,1,0,0,1,0,Male,>$70K,South,0
531,12875,2018-05-06,840,CNG,A,1211,1,0,1,1,1,Male,>$70K,South,0
532,12876,2018-05-07,840,CNG,A,995,1,0,1,1,0,Male,>$70K,South,0
533,12877,2018-05-30,840,CNG,A,724,1,1,1,1,0,Male,>$70K,South,1
534,12878,2018-05-02,840,CNG,A,1177,1,0,0,1,1,Male,>$70K,South,1
535,12879,2018-05-12,840,CNG,A,2403,0,0,0,1,0,Male,>$70K,South,1
536,12880,2018-05-09,840,CNG,A,1134,0,1,0,0,0,Male,>$70K,South,1
537,12881,2018-05-13,840,CNG,A,2419,1,1,1,1,0,Male,>$70K,South,1
538,12882,2018-05-20,840,CNG,A,1049,0,1,1,1,1,Male,>$70K,South,0
539,12883,2018-05-06,840,CNG,A,1123,0,1,0,0,0,Male,>$70K,South,1
540,12884,2018-05-02,840,CNG,A,1571,1,0,1,0,1,Male,>$70K,South,1
541,12885,2018-05-17,840,CNG,A,1540,1,0,1,0,1,Male,>$70K,South,1
542,12886,2018-05-15,840,CNG,A,2154,1,1,0,1,1,Male,>$70K,South,1
543,12887,2018-05-12,840,CNG,A,1188,1,1,1,0,1,Male,>$70K,South,1
544,12888,2018-05-07,840,CNG,A,2465,1,1,1,0,0,Male,>$70K,South,1
545,12889,2018-05-08,840,CNG,A,1972,0,0,0,0,1,Male,>$70K,South,0
546,12890,2018-05-21,840,CNG,A,947,0,1,1,0,0,Male,>$70K,South,0
547,12891,2018-05-14,840,CNG,A,2032,0,1,0,1,1,Male,>$70K,South,1
548,12892,2018-05-12,840,CNG,A,1409,0,1,1,0,1,Male,>$70K,South,1
549,12893,2018-05-02,840,CNG,A,1353,0,1,0,1,1,Male,>$70K,South,1
550,12894,2018-05-11,840,CNG,A,2449,1,1,0,1,0,Male,>$70K,South,0
551,12895,2018-05-30,840,CNG,A,1602,1,0,1,0,1,Male,>$70K,South,0
552,12896,2018-05-19,840,CNG,A,1400,0,0,1,0,1,Male,>$70K,South,0
553,12897,2018-05-29,840,CNG,A,915,0,0,1,1,1,Male,>$70K,South,1
554,12898,2018-05-02,840,CNG,A,601,0,0,1,1,1,Male,>$70K,South,1
555,12899,2018-05-09,840,CNG,A,1898,1,0,0,0,0,Male,>$70K,South,1
556,12900,2018-05-14,840,CNG,A,1852,1,1,0,1,1,Male,>$70K,South,0
557,12901,2018-05-16,840,CNG,A,686,1,0,0,1,1,Male,>$70K,South,1
558,12902,2018-05-29,840,CNG,A,1914,0,1,1,0,1,Male,>$70K,South,1
559,12903,2018-05-06,840,CNG,A,689,0,1,1,0,1,Male,>$70K,South,0
560,12904,2018-05-14,840,CNG,A,776,1,1,0,1,0,Male,>$70K,South,1
561,12905,2018-05-15,840,CNG,A,1399,0,0,1,0,1,Male,>$70K,South,0
562,12906,2018-05-07,840,CNG,A,2344,0,0,1,0,1,Male,>$70K,South,1
563,12907,2018-05-24,840,CNG,A,1010,1,1,1,1,1,Male,>$70K,South,1
564,12908,2018-05-27,840,CNG,A,1988,0,1,0,1,1,Male,>$70K,South,0
565,12909,2018-05-05,840,CNG,A,634,0,1,1,0,0,Male,>$70K,South,0
566,12910,2018-05-12,840,CNG,A,2100,0,0,1,1,0,Male,>$70K,South,0
567,12911,2018-05-15,840,CNG,A,635,1,1,0,0,1,Male,>$70K,South,1
568,12912,2018-05-11,840,CNG,A,1829,1,1,1,1,0,Male,>$70K,South,1
569,12913,2018-05-17,840,CNG,A,582,1,0,0,1,1,Male,>$70K,South,0
570,12914,2018-05-30,840,CNG,A,1884,1,0,0,0,0,Male,>$70K,South,0
571,12915,2018-05-26,840,CNG,A,2203,0,1,1,0,0,Male,>$70K,South,0
572,12916,2018-05-19,840,CNG,A,946,1,0,0,1,0,Male,>$70K,South,1
573,12917,2018-05-02,840,CNG,A,716,0,1,1,1,1,Male,>$70K,South,1
574,12918,2018-05-13,840,CNG,A,1625,0,1,0,1,1,Male,>$70K,South,0
575,12919,2018-05-11,840,CNG,A,837,0,0,0,1,0,Male,>$70K,South,1
576,12920,2018-05-19,840,CNG,A,2469,1,1,1,0,1,Male,>$70K,South,0
577,12921,2018-05-17,840,CNG,A,1162,0,0,1,0,1,Male,>$70K,South,0
578,12922,2018-05-16,840,CNG,A,1565,0,0,1,1,0,Male,>$70K,South,1
579,12923,2018-05-18,840,CNG,A,2313,1,0,0,1,0,Male,>$70K,South,0
580,12924,2018-05-12,840,CNG,A,741,1,0,0,1,1,Male,>$70K,South,1
581,12925,2018-05-07,840,CNG,A,1845,1,0,1,0,0,Male,>$70K,South,0
582,12926,2018-05-21,840,CNG,A,1325,0,1,1,0,1,Male,>$70K,South,1
583,12927,2018-05-21,840,CNG,A,1570,1,1,1,0,1,Male,>$70K,South,0
584,12928,2018-05-17,840,CNG,A,2209,0,0,1,1,1,Male,>$70K,South,0
585,12929,2018-05-24,840,CNG,A,538,0,1,0,1,0,Male,>$70K,South,0
586,12930,2018-05-21,840,CNG,A,1895,1,1,1,1,1,Male,>$70K,South,0
587,12931,2018-05-30,840,CNG,A,2182,0,1,0,1,1,Male,>$70K,South,0
588,12932,2018-05-23,840,CNG,A,1483,1,1,0,0,1,Male,>$70K,South,0
589,12933,2018-05-05,840,CNG,A,1241,1,0,1,1,0,Male,>$70K,South,0
590,12934,2018-05-25,840,CNG,A,1256,0,0,1,0,0,Male,>$70K,South,0
591,12935,2018-05-17,840,CNG,A,2340,0,0,0,1,0,Male,>$70K,South,0
592,12936,2018-05-23,840,CNG,A,2365,0,1,1,0,0,Male,>$70K,South,0
593,12937,2018-05-26,840,CNG,A,651,1,1,0,0,0,Male,>$70K,South,1
594,12938,2018-05-30,840,CNG,A,2141,0,1,0,0,1,Male,>$70K,South,1
595,12939,2018-05-25,840,CNG,A,1358,0,1,1,1,1,Male,>$70K,South,1
596,12940,2018-05-16,995,CNG,A,2094,1,0,0,0,0,Male,>$70K,South,0
597,12941,2018-05-18,996,CNG,A,1962,0,1,1,1,0,Male,>$70K,South,1
598,12942,2018-05-30,997,CNG,A,2055,1,0,1,0,0,Male,>$70K,South,1
599,12943,2018-05-22,998,CNG,A,1542,1,0,1,1,1,Male,>$70K,South,0
600,12944,2018-05-19,999,CNG,A,1339,0,1,1,1,0,Male,>$70K,South,0
601,12945,2018-06-21,1000,CNG,A,2284,1,0,1,0,1,Male,>$70K,South,1
602,12946,2018-06-29,1001,CNG,A,1340,1,1,1,1,1,Male,>$70K,South,1
603,12947,2018-06-12,1002,CNG,A,2041,0,0,0,0,1,Male,>$70K,South,1
604,12948,2018-06-09,1003,CNG,A,861,1,0,0,1,0,Male,>$70K,South,1
605,12949,2018-06-22,1004,CNG,B,1047,1,1,0,0,0,Male,>$70K,South,0
606,12950,2018-06-14,1005,CNG,B,2001,1,0,0,0,0,Male,>$70K,South,0
607,12951,2018-06-26,1006,CNG,B,1327,0,0,0,0,1,Male,>$70K,South,0
608,12952,2018-06-21,1007,CNG,B,2367,0,0,1,0,1,Male,>$70K,South,1
609,12953,2018-06-27,1008,CNG,B,1829,1,0,0,1,0,Male,>$70K,South,0
610,12954,2018-06-09,1009,CNG,B,1744,0,0,1,1,1,Male,>$70K,South,1
611,12955,2018-06-06,1010,CNG,B,878,0,1,0,0,0,Male,>$70K,South,1
612,12956,2018-06-11,1011,Petrol,B,641,0,0,0,1,1,Male,>$70K,South,1
613,12957,2018-06-26,1012,Petrol,B,1096,1,1,1,1,1,Male,>$70K,South,1
614,12958,2018-06-21,1013,Petrol,B,1761,1,0,0,1,1,Male,>$70K,South,0
615,12959,2018-06-15,1014,Petrol,B,875,1,0,0,1,1,Male,>$70K,South,0
616,12960,2018-06-01,1015,Petrol,B,698,0,1,0,0,0,Male,>$70K,South,0
617,12961,2018-06-30,1016,Petrol,B,1251,1,1,0,0,0,Male,>$70K,South,1
618,12962,2018-06-17,1017,Petrol,B,1500,1,1,0,0,1,Male,>$70K,South,1
619,12963,2018-06-30,1018,Petrol,B,2422,1,0,1,0,1,Male,>$70K,South,1
620,12964,2018-06-22,1019,Petrol,B,1197,1,0,1,1,1,Male,>$70K,South,1
621,12965,2018-06-01,1020,Petrol,B,1507,1,1,1,0,1,Male,>$70K,South,0
622,12966,2018-06-28,1021,Petrol,B,609,0,0,1,0,1,Male,>$70K,South,1
623,12967,2018-06-25,1022,Petrol,B,1339,1,0,1,0,1,Male,>$70K,South,0
624,12968,2018-06-07,1023,Petrol,B,1730,0,0,1,0,0,Male,>$70K,South,0
625,12969,2018-06-01,1024,Petrol,B,2164,1,1,1,1,1,Male,>$70K,South,1
626,12970,2018-06-23,1025,Petrol,B,1791,0,0,1,0,1,Male,>$70K,South,0
627,12971,2018-06-18,1026,Petrol,B,759,1,1,1,0,0,Male,>$70K,South,1
628,12972,2018-06-14,1027,Petrol,B,1199,1,0,0,1,0,Male,>$70K,South,0
629,12973,2018-06-28,1028,Petrol,B,1214,1,1,1,1,1,Male,>$70K,South,1
630,12974,2018-06-13,1029,Petrol,B,2104,1,0,1,0,1,Male,>$70K,South,1
631,12975,2018-06-09,1030,Petrol,B,538,1,0,1,0,1,Male,>$70K,South,1
632,12976,2018-06-27,1031,Petrol,B,1951,0,0,1,0,0,Male,>$70K,South,0
633,12977,2018-06-18,1032,Petrol,B,804,0,1,1,0,1,Male,>$70K,South,0
634,12978,2018-06-08,1033,Petrol,B,1778,1,0,1,0,0,Male,>$70K,South,0
635,12979,2018-06-22,1034,Petrol,B,1368,0,0,0,0,1,Male,>$70K,South,0
636,12980,2018-06-21,1035,Petrol,B,1744,0,1,1,1,1,Male,>$70K,South,0
637,12981,2018-06-10,1036,Petrol,B,844,1,0,0,0,1,Male,>$70K,South,1
638,12982,2018-06-12,1037,Petrol,B,1769,1,1,1,1,1,Male,>$70K,South,1
639,12983,2018-06-02,1038,Petrol,B,873,1,1,1,1,0,Male,>$70K,South,0
640,12984,2018-06-07,1039,Petrol,B,2088,1,1,0,0,1,Male,>$70K,South,1
641,12985,2018-06-04,1040,Petrol,B,520,0,1,0,1,0,Male,>$70K,South,1
642,12986,2018-06-12,1041,Petrol,B,1642,1,1,0,1,1,Male,>$70K,South,1
643,12987,2018-06-26,1042,Petrol,B,1261,1,1,1,0,1,Male,>$70K,South,0
644,12988,2018-06-24,1043,Petrol,B,2266,0,0,1,1,0,Male,$25-$70K,South,1
645,12989,2018-06-27,1044,Petrol,B,2302,0,0,1,1,1,Male,$25-$70K,South,0
646,12990,2018-06-07,1045,Petrol,B,2191,0,1,1,0,1,Male,$25-$70K,South,0
647,12991,2018-06-29,1046,Petrol,B,620,1,0,0,1,0,Male,$25-$70K,South,1
648,12992,2018-06-10,1047,Petrol,B,874,1,1,1,0,1,Male,$25-$70K,South,1
649,12993,2018-06-18,1048,Petrol,B,1217,1,0,1,0,1,Male,$25-$70K,South,1
650,12994,2018-06-14,1049,Petrol,B,586,0,1,0,1,0,Male,$25-$70K,South,0
651,12995,2018-06-19,1050,Petrol,B,972,0,1,1,0,1,Male,$25-$70K,South,0
652,12996,2018-06-17,1051,Petrol,B,958,1,1,0,1,0,Male,$25-$70K,South,0
653,12997,2018-06-16,1052,Petrol,B,1971,1,1,0,1,0,Male,$25-$70K,South,1
654,12998,2018-06-04,1053,Petrol,B,1225,1,1,1,0,0,Male,$25-$70K,South,0
655,12999,2018-06-25,1054,Petrol,B,1789,0,1,1,0,1,Male,$25-$70K,South,1
656,13000,2018-06-29,1055,Petrol,B,523,0,1,0,1,1,Male,$25-$70K,South,1
657,13001,2018-06-23,1056,Petrol,B,1548,1,1,1,1,1,Male,$25-$70K,South,1
658,13002,2018-06-06,1057,Petrol,B,1524,0,0,1,0,0,Male,$25-$70K,South,0
659,13003,2018-06-18,1058,Petrol,B,752,1,0,1,0,1,Male,$25-$70K,South,1
660,13004,2018-06-07,1059,Petrol,B,1787,0,1,1,0,0,Male,$25-$70K,South,0
661,13005,2018-06-02,1060,Petrol,B,1416,1,0,0,1,1,Male,$25-$70K,South,1
662,13006,2018-06-16,1061,Petrol,B,1685,1,0,0,1,1,Male,$25-$70K,South,1
663,13007,2018-06-15,1062,Petrol,B,920,0,0,0,0,0,Male,$25-$70K,South,0
664,13008,2018-06-24,1063,Petrol,B,1976,1,1,1,0,1,Male,$25-$70K,South,1
665,13009,2018-06-11,1064,Petrol,B,2353,1,1,1,1,0,Male,$25-$70K,South,1
666,13010,2018-06-19,1065,Petrol,B,1045,1,0,1,1,0,Male,$25-$70K,South,0
667,13011,2018-06-14,1066,Petrol,B,1998,1,0,1,0,0,Male,$25-$70K,South,0
668,13012,2018-06-03,1067,Petrol,B,593,0,0,1,0,1,Male,$25-$70K,South,0
669,13013,2018-06-06,1068,Petrol,B,1994,1,1,0,1,0,Male,$25-$70K,South,0
670,13014,2018-06-13,1069,Petrol,B,1595,0,0,0,0,1,Male,$25-$70K,South,0
671,13015,2018-06-22,1070,Petrol,B,2181,0,1,0,1,0,Male,$25-$70K,South,0
672,13016,2018-06-16,1071,Petrol,B,2403,0,0,1,1,0,Male,$25-$70K,South,0
673,13017,2018-06-08,1072,Petrol,B,1918,1,0,0,1,0,Male,$25-$70K,South,0
674,13018,2018-06-11,1073,Petrol,B,1651,0,1,1,0,1,Male,$25-$70K,South,0
675,13019,2018-06-28,1074,Petrol,B,541,1,1,1,0,0,Male,$25-$70K,South,1
676,13020,2018-06-30,1075,Petrol,B,1164,1,1,0,0,0,Male,$25-$70K,South,1
677,13021,2018-06-16,1076,Petrol,B,2289,0,1,0,0,0,Male,$25-$70K,South,1
678,13022,2018-06-11,1077,Petrol,B,1519,0,1,1,0,1,Male,$25-$70K,South,1
679,13023,2018-06-05,1078,Petrol,B,1840,1,0,1,1,1,Male,$25-$70K,South,0
680,13024,2018-06-20,1079,Petrol,B,1798,0,0,0,0,1,Male,$25-$70K,South,1
681,13025,2018-06-15,1080,Petrol,B,933,0,0,1,1,0,Male,$25-$70K,South,0
682,13026,2018-06-27,1081,Petrol,B,2291,0,0,0,1,1,Male,$25-$70K,South,1
683,13027,2018-06-28,1082,Petrol,B,648,1,0,0,1,0,Male,$25-$70K,South,0
684,13028,2018-06-26,1083,Petrol,B,1933,1,0,1,0,0,Male,$25-$70K,South,0
685,13029,2018-06-29,1084,Petrol,B,911,0,0,0,0,0,Male,$25-$70K,South,0
686,13030,2018-06-10,1085,Petrol,B,2299,1,0,1,1,1,Male,$25-$70K,South,0
687,13031,2018-06-27,1086,Petrol,B,620,0,1,1,0,0,Male,$25-$70K,South,0
688,13032,2018-06-27,1087,Petrol,B,2418,0,1,0,1,0,Male,$25-$70K,South,0
689,13033,2018-06-18,1088,Petrol,B,1785,1,0,0,0,0,Male,$25-$70K,South,0
690,13034,2018-06-04,1089,Petrol,B,2139,1,1,1,0,0,Male,$25-$70K,South,1
691,13035,2018-06-23,1090,Petrol,B,2023,0,1,1,1,1,Male,$25-$70K,South,0
692,13036,2018-06-06,1091,Petrol,B,2099,0,0,0,0,1,Male,$25-$70K,South,0
693,13037,2018-06-19,1092,Petrol,B,1559,1,0,0,1,0,Male,$25-$70K,South,0
694,13038,2018-06-11,1093,Petrol,B,1277,0,0,0,1,1,Male,$25-$70K,South,1
695,13039,2018-06-29,1094,Petrol,B,2487,1,1,0,0,1,Male,$25-$70K,South,1
696,13040,2018-06-02,1095,Petrol,B,1717,0,0,0,1,1,Male,$25-$70K,South,0
697,13041,2018-06-14,1096,Petrol,B,2342,1,1,0,0,0,Male,$25-$70K,South,1
698,13042,2018-06-01,1097,Petrol,B,717,0,1,1,1,0,Male,$25-$70K,South,1
699,13043,2018-06-16,1098,Petrol,B,1533,0,0,0,1,0,Male,$25-$70K,South,0
700,13044,2018-06-23,1099,Petrol,B,751,1,0,1,0,0,Male,$25-$70K,South,1
701,13045,2018-07-29,1100,Petrol,B,2277,1,0,0,0,1,Male,$25-$70K,South,1
702,13046,2018-07-06,1101,Petrol,B,2205,0,0,0,0,1,Male,$25-$70K,South,0
703,13047,2018-07-05,1102,Petrol,B,1095,1,0,0,0,1,Male,$25-$70K,South,0
704,13048,2018-07-23,1103,Petrol,B,552,0,0,1,1,1,Male,$25-$70K,South,1
705,13049,2018-07-24,1104,Petrol,B,2489,1,0,1,0,0,Male,$25-$70K,South,0
706,13050,2018-07-21,1105,Petrol,B,2345,1,1,1,0,0,Male,$25-$70K,South,0
707,13051,2018-07-05,1106,Petrol,B,1712,0,0,1,0,0,Male,$25-$70K,South,0
708,13052,2018-07-23,1107,Petrol,B,2326,1,0,1,1,1,Male,$25-$70K,South,1
709,13053,2018-07-06,1108,Petrol,B,505,0,0,0,1,1,Male,$25-$70K,South,1
710,13054,2018-07-23,1109,Petrol,B,882,0,0,0,0,1,Male,$25-$70K,South,1
711,13055,2018-07-18,1110,Petrol,B,837,1,0,0,1,0,Male,$25-$70K,South,0
712,13056,2018-07-03,1111,Petrol,B,2418,0,1,1,0,1,Male,$25-$70K,South,0
713,13057,2018-07-24,1112,Petrol,B,625,0,1,1,1,0,Male,$25-$70K,South,1
714,13058,2018-07-20,1113,Petrol,B,1643,1,1,0,1,0,Male,$25-$70K,South,0
715,13059,2018-07-28,1114,Petrol,B,1564,0,0,0,1,0,Male,$25-$70K,South,0
716,13060,2018-07-13,1115,Petrol,B,1642,0,0,0,1,1,Male,$25-$70K,South,1
717,13061,2018-07-24,1116,Petrol,B,1354,0,1,0,0,0,Male,$25-$70K,South,1
718,13062,2018-07-13,1117,Petrol,B,1614,1,1,0,0,1,Male,$25-$70K,South,0
719,13063,2018-07-03,1118,Petrol,B,1764,1,1,1,0,1,Male,$25-$70K,South,0
720,13064,2018-07-18,1119,Petrol,B,1848,1,1,1,0,1,Male,$25-$70K,South,0
721,13065,2018-07-08,1120,Petrol,B,953,1,1,0,1,1,Male,$25-$70K,South,0
722,13066,2018-07-03,1121,Petrol,B,2009,0,0,0,0,1,Male,$25-$70K,South,0
723,13067,2018-07-26,1122,Petrol,B,1726,0,1,0,1,1,Male,$25-$70K,South,1
724,13068,2018-07-25,1123,Petrol,B,741,1,1,1,0,1,Male,$25-$70K,South,0
725,13069,2018-07-17,1124,Petrol,B,2467,0,0,1,0,0,Male,$25-$70K,South,0
726,13070,2018-07-15,1125,Petrol,B,775,0,1,1,1,1,Male,$25-$70K,South,0
727,13071,2018-07-19,1126,Petrol,B,1545,1,0,0,1,0,Male,$25-$70K,South,1
728,13072,2018-07-14,1127,Petrol,B,631,1,0,0,1,1,Male,$25-$70K,South,1
729,13073,2018-07-24,1128,Petrol,B,2250,1,1,1,0,0,Male,$25-$70K,East,0
730,13074,2018-07-07,1129,Petrol,B,1741,0,0,0,1,0,Male,$25-$70K,East,0
731,13075,2018-07-28,1130,Petrol,B,1668,0,1,0,1,0,Male,$25-$70K,East,0
732,13076,2018-07-20,1131,Petrol,B,1303,1,1,1,0,1,Male,$25-$70K,East,1
733,13077,2018-07-07,1132,Petrol,B,691,1,0,1,1,0,Male,$25-$70K,East,0
734,13078,2018-07-07,1133,Petrol,B,1157,1,0,1,1,0,Male,$25-$70K,East,1
735,13079,2018-07-14,1134,Petrol,B,648,1,0,0,1,0,Male,$25-$70K,East,0
736,13080,2018-07-05,1135,Petrol,B,563,0,0,1,1,1,Male,$25-$70K,East,1
737,13081,2018-07-02,1136,Petrol,B,2040,1,1,1,0,1,Male,$25-$70K,East,1
738,13082,2018-07-11,1137,Petrol,B,1211,0,0,1,0,0,Male,$25-$70K,East,1
739,13083,2018-07-14,1138,Petrol,B,1666,0,1,1,1,0,Male,$25-$70K,East,1
740,13084,2018-07-13,1139,Petrol,B,1140,0,1,0,0,0,Male,$25-$70K,East,0
741,13085,2018-07-22,1140,Petrol,B,2108,0,0,0,0,1,Male,$25-$70K,East,1
742,13086,2018-07-09,1141,Petrol,B,1734,1,0,0,0,1,Male,$25-$70K,East,1
743,13087,2018-07-10,1142,Petrol,B,1281,0,0,0,0,0,Male,$25-$70K,East,1
744,13088,2018-07-05,1143,Petrol,B,1926,0,0,1,0,1,Male,$25-$70K,East,1
745,13089,2018-07-28,1144,Petrol,B,2095,1,0,0,1,0,Male,$25-$70K,East,0
746,13090,2018-07-26,1145,Petrol,B,2199,0,0,1,1,1,Male,$25-$70K,East,1
747,13091,2018-07-16,1146,Petrol,B,611,1,0,0,1,0,Male,$25-$70K,East,1
748,13092,2018-07-02,1147,Petrol,B,2117,1,1,1,1,1,Male,$25-$70K,East,0
749,13093,2018-07-23,1148,Petrol,B,1427,0,0,0,1,1,Male,$25-$70K,East,1
750,13094,2018-07-13,1149,Petrol,B,2141,0,1,1,1,1,Male,$25-$70K,East,1
751,13095,2018-07-19,1150,Petrol,B,1286,1,1,1,1,1,Male,$25-$70K,East,0
752,13096,2018-07-26,1151,Petrol,B,521,1,1,1,0,0,Male,$25-$70K,East,1
753,13097,2018-07-18,1152,Petrol,B,1002,0,1,1,0,1,Male,$25-$70K,East,1
754,13098,2018-07-30,1153,Petrol,B,1425,1,0,0,0,0,Male,$25-$70K,East,0
755,13099,2018-07-04,1154,Petrol,B,1796,1,1,0,1,1,Male,$25-$70K,East,0
756,13100,2018-07-11,1155,Petrol,B,1627,1,1,1,1,0,Male,$25-$70K,East,0
757,13101,2018-07-25,1156,Petrol,B,1019,1,0,1,0,0,Male,$25-$70K,East,1
758,13102,2018-07-14,1157,Petrol,B,1492,0,0,0,1,0,Male,$25-$70K,East,1
759,13103,2018-07-09,1158,Petrol,B,2220,0,1,1,1,1,Male,$25-$70K,East,1
760,13104,2018-07-15,1159,Petrol,B,705,0,1,0,1,1,Male,$25-$70K,East,0
761,13105,2018-07-06,1160,Petrol,B,1925,1,0,0,0,0,Male,$25-$70K,East,1
762,13106,2018-07-11,1161,Petrol,B,1673,1,0,0,0,1,Male,$25-$70K,East,0
763,13107,2018-07-20,1162,Petrol,B,2359,1,1,1,1,1,Male,$25-$70K,East,1
764,13108,2018-07-02,1163,Petrol,B,1857,1,1,0,1,1,Male,$25-$70K,East,1
765,13109,2018-07-28,1164,Petrol,B,2235,1,0,0,1,1,Male,$25-$70K,East,0
766,13110,2018-07-15,1165,Petrol,B,1192,1,1,1,0,0,Male,$25-$70K,East,1
767,13111,2018-07-13,1166,Petrol,B,1490,0,1,0,1,1,Male,$25-$70K,East,1
768,13112,2018-07-15,1167,Petrol,B,2156,1,1,1,1,1,Male,0- $25K,East,0
769,13113,2018-07-05,1168,Petrol,B,2241,0,1,0,1,0,Male,0- $25K,East,0
770,13114,2018-07-08,1169,Petrol,B,2052,0,1,1,1,0,Male,0- $25K,East,1
771,13115,2018-07-10,1170,Petrol,B,1371,0,1,0,1,1,Male,0- $25K,East,1
772,13116,2018-07-22,1171,Petrol,B,1351,1,1,0,1,0,Male,0- $25K,East,1
773,13117,2018-07-11,1172,Petrol,B,1008,0,0,0,1,0,Male,0- $25K,East,0
774,13118,2018-07-04,1173,Petrol,B,1798,0,1,0,1,0,Male,0- $25K,East,1
775,13119,2018-07-01,1174,Petrol,B,1253,0,1,1,1,0,Male,0- $25K,East,1
776,13120,2018-07-08,1175,Petrol,B,1939,1,0,0,0,0,Male,0- $25K,East,0
777,13121,2018-07-25,1176,Petrol,B,2475,1,0,1,0,0,Male,0- $25K,East,0
778,13122,2018-07-13,1177,Petrol,B,1949,0,1,0,0,1,Male,0- $25K,East,0
779,13123,2018-07-25,1178,Petrol,B,1143,1,0,1,1,1,Male,0- $25K,East,1
780,13124,2018-07-01,1179,Petrol,B,2084,0,1,0,1,0,Male,0- $25K,East,1
781,13125,2018-07-22,1180,Petrol,B,2434,1,1,0,0,1,Male,0- $25K,East,0
782,13126,2018-07-25,1181,Petrol,B,2313,0,0,0,1,0,Male,0- $25K,East,1
783,13127,2018-07-25,1182,Petrol,B,500,0,1,0,0,0,Male,0- $25K,East,1
784,13128,2018-07-30,1183,Petrol,B,1977,1,0,1,0,1,Male,0- $25K,East,0
785,13129,2018-07-20,1184,Petrol,B,1195,1,1,1,0,0,Male,0- $25K,East,1
786,13130,2018-07-14,1185,Petrol,B,1163,0,0,0,0,1,Male,0- $25K,East,0
787,13131,2018-07-16,1186,Petrol,B,2010,1,0,0,1,1,Male,0- $25K,East,1
788,13132,2018-07-17,1187,Petrol,B,532,1,1,1,0,1,Male,0- $25K,East,1
789,13133,2018-07-23,1188,Petrol,B,2478,0,0,0,0,0,Male,0- $25K,East,1
790,13134,2018-07-15,1189,Petrol,B,1388,1,0,0,0,0,Male,0- $25K,East,0
791,13135,2018-07-24,1190,Petrol,B,1076,1,0,0,0,0,Male,0- $25K,East,0
792,13136,2018-07-01,1191,Petrol,B,564,0,0,1,1,1,Male,0- $25K,East,1
793,13137,2018-07-17,1192,Petrol,B,1225,0,0,1,0,0,Male,0- $25K,East,1
794,13138,2018-07-25,1193,Petrol,B,2295,0,1,1,1,0,Male,0- $25K,East,0
795,13139,2018-07-23,1194,Petrol,B,2285,1,0,1,1,1,Male,0- $25K,East,0
796,13140,2018-07-28,1195,Petrol,B,508,1,0,1,1,0,Male,0- $25K,East,0
797,13141,2018-07-06,1196,Petrol,B,1967,1,0,0,0,1,Male,0- $25K,East,1
798,13142,2018-07-10,1197,Petrol,B,1553,0,0,1,1,1,Male,0- $25K,East,1
799,13143,2018-07-03,1198,Petrol,B,2141,0,1,0,0,0,Male,0- $25K,East,0
800,13144,2018-07-29,1199,Petrol,B,2102,1,0,1,1,0,Male,0- $25K,East,0
801,13145,2018-08-05,1200,Petrol,B,1662,0,1,1,1,0,Male,0- $25K,East,0
802,13146,2018-08-27,1201,Petrol,B,910,0,1,0,0,0,Male,0- $25K,East,1
803,13147,2018-08-10,1202,Petrol,B,2402,0,1,0,1,0,Male,0- $25K,East,0
804,13148,2018-08-18,1203,Petrol,B,1731,1,0,0,0,0,Male,0- $25K,East,0
805,13149,2018-08-24,1204,Petrol,B,557,1,0,1,1,0,Male,0- $25K,East,0
806,13150,2018-08-10,1205,Petrol,B,1377,1,0,0,1,0,Male,0- $25K,East,1
807,13151,2018-08-30,1206,Petrol,B,2301,1,0,0,0,0,Male,0- $25K,East,0
808,13152,2018-08-03,1207,Petrol,B,1157,0,0,1,0,0,Male,0- $25K,East,0
809,13153,2018-08-06,1208,Petrol,B,629,1,0,1,1,0,Male,0- $25K,East,1
810,13154,2018-08-30,1209,Petrol,B,2255,0,1,0,1,0,Male,0- $25K,East,0
811,13155,2018-08-02,1210,Petrol,B,974,0,1,1,0,0,Male,0- $25K,East,1
812,13156,2018-08-17,1211,Petrol,B,1399,1,0,0,1,0,Male,0- $25K,East,1
813,13157,2018-08-02,1212,Petrol,B,1612,0,1,1,0,0,Male,0- $25K,East,1
814,13158,2018-08-03,1213,Petrol,B,2410,1,0,1,1,1,Male,0- $25K,East,0
815,13159,2018-08-26,1214,Petrol,B,1545,0,1,0,1,1,Male,0- $25K,East,1
816,13160,2018-08-14,1215,Petrol,B,1566,1,1,0,0,1,Male,0- $25K,East,1
817,13161,2018-08-23,1216,Petrol,B,703,1,0,0,1,1,Male,0- $25K,East,1
818,13162,2018-08-25,1217,Petrol,B,1441,1,1,1,1,1,Male,0- $25K,East,0
819,13163,2018-08-03,1218,Petrol,B,1005,1,1,1,0,1,Male,0- $25K,East,0
820,13164,2018-08-04,1219,Petrol,B,2163,1,0,0,1,0,Male,0- $25K,East,1
821,13165,2018-08-14,1220,Petrol,B,1835,1,0,1,1,1,Male,0- $25K,East,0
822,13166,2018-08-26,1221,Petrol,B,2033,0,1,1,1,1,Male,0- $25K,East,0
823,13167,2018-08-17,1222,Petrol,B,1950,1,1,0,0,0,Male,0- $25K,East,1
824,13168,2018-08-20,1223,Petrol,B,699,0,0,1,0,1,Male,0- $25K,East,0
825,13169,2018-08-30,1224,Petrol,B,817,0,0,1,0,0,Male,0- $25K,East,1
826,13170,2018-08-14,1225,Petrol,B,2435,1,0,1,0,1,Male,0- $25K,East,1
827,13171,2018-08-22,1226,Petrol,B,1216,0,0,0,1,0,Male,0- $25K,East,0
828,13172,2018-08-10,1227,Petrol,B,705,0,1,1,1,0,Male,0- $25K,East,1
829,13173,2018-08-17,1228,Petrol,B,2443,0,0,1,1,1,Male,0- $25K,East,0
830,13174,2018-08-26,1229,Petrol,B,1398,1,0,1,0,0,Male,0- $25K,East,0
831,13175,2018-08-24,1230,Petrol,B,2471,0,1,1,1,1,Male,0- $25K,East,0
832,13176,2018-08-22,1231,Petrol,B,1854,1,0,1,1,0,Male,0- $25K,East,1
833,13177,2018-08-28,1232,Petrol,B,675,0,0,1,0,1,Male,0- $25K,East,0
834,13178,2018-08-30,1233,Petrol,B,1035,1,0,0,0,0,Male,0- $25K,East,0
835,13179,2018-08-05,1234,Petrol,B,926,1,1,0,1,0,Male,0- $25K,East,1
836,13180,2018-08-12,1235,Petrol,B,2171,0,1,1,1,1,Male,0- $25K,East,1
837,13181,2018-08-30,1236,Petrol,B,2064,1,1,0,1,0,Male,0- $25K,East,1
838,13182,2018-08-25,1237,Petrol,B,934,1,1,0,1,1,Male,0- $25K,East,1
839,13183,2018-08-07,1238,Petrol,B,1681,0,1,1,1,1,Male,0- $25K,East,1
840,13184,2018-08-17,1239,Petrol,B,1556,1,0,1,0,1,Male,0- $25K,East,0
841,13185,2018-08-22,1240,Petrol,B,2111,1,0,0,1,1,Male,0- $25K,East,0
842,13186,2018-08-23,1241,Petrol,B,2048,0,0,1,1,1,Male,0- $25K,East,1
843,13187,2018-08-07,1242,Petrol,B,507,0,0,0,1,0,Male,0- $25K,East,1
844,13188,2018-08-13,1243,Petrol,B,1799,1,0,0,0,1,Male,0- $25K,East,0
845,13189,2018-08-11,1244,Petrol,B,2292,1,0,1,1,0,Male,0- $25K,East,0
846,13190,2018-08-23,1245,Petrol,B,2143,0,0,1,0,0,Male,0- $25K,East,1
847,13191,2018-08-17,1246,Petrol,B,2198,0,1,1,1,1,Male,0- $25K,East,1
848,13192,2018-08-08,1247,Petrol,B,581,1,0,0,1,0,Male,0- $25K,East,1
849,13193,2018-08-14,1248,Petrol,B,2364,1,1,0,0,0,Male,0- $25K,East,1
850,13194,2018-08-07,1249,Petrol,B,533,1,0,1,0,0,Male,0- $25K,East,0
851,13195,2018-08-23,1250,Petrol,B,1911,1,1,1,0,1,Male,0- $25K,East,1
852,13196,2018-08-21,1251,Petrol,B,1559,0,0,1,0,1,Male,0- $25K,East,1
853,13197,2018-08-16,1252,Petrol,B,2477,0,0,0,1,0,Male,0- $25K,East,1
854,13198,2018-08-22,1253,Petrol,B,878,0,0,0,0,0,Male,0- $25K,East,0
855,13199,2018-08-04,1254,Petrol,B,1090,0,0,1,0,0,Male,0- $25K,East,0
856,13200,2018-08-24,1255,Petrol,B,909,0,0,0,1,1,Male,0- $25K,East,0
857,13201,2018-08-11,1256,Petrol,B,833,0,1,0,0,0,Male,0- $25K,East,1
858,13202,2018-08-05,1257,Petrol,B,1031,1,1,1,0,0,Male,0- $25K,East,1
859,13203,2018-08-23,1258,Petrol,B,1947,0,1,0,1,0,Male,0- $25K,East,0
860,13204,2018-08-18,1259,Petrol,B,1757,1,1,0,1,1,Male,0- $25K,East,1
861,13205,2018-08-02,1260,Petrol,B,993,0,0,1,1,0,Male,0- $25K,East,1
862,13206,2018-08-05,1261,Petrol,B,1078,0,1,1,0,1,Male,0- $25K,East,0
863,13207,2018-08-20,1262,Petrol,B,1349,0,1,1,0,0,Male,0- $25K,East,1
864,13208,2018-08-05,1263,Petrol,B,1801,1,0,1,0,1,Male,0- $25K,East,1
865,13209,2018-08-03,1264,Petrol,B,511,1,0,0,0,1,Male,0- $25K,East,1
866,13210,2018-08-23,1265,Petrol,B,1709,0,0,0,1,1,Male,0- $25K,East,0
867,13211,2018-08-08,1266,Petrol,B,973,0,1,1,0,1,Male,0- $25K,East,1
868,13212,2018-08-19,1267,Petrol,B,747,0,0,1,0,1,Male,0- $25K,East,1
869,13213,2018-08-06,1268,Petrol,B,1102,1,0,0,1,0,Male,0- $25K,East,1
870,13214,2018-08-15,1269,Petrol,B,1878,0,1,0,1,1,Male,0- $25K,East,0
871,13215,2018-08-17,1270,Petrol,B,975,0,1,0,0,0,Male,0- $25K,East,0
872,13216,2018-08-19,1271,Petrol,B,803,1,1,0,0,1,Male,0- $25K,East,1
873,13217,2018-08-30,1272,Petrol,B,2339,1,1,0,1,1,Male,0- $25K,East,0
874,13218,2018-08-17,1273,Petrol,B,1340,1,0,1,0,0,Male,0- $25K,East,1
875,13219,2018-08-16,1274,Petrol,B,1539,1,1,0,1,1,Male,0- $25K,East,0
876,13220,2018-08-23,1275,Petrol,B,1364,0,0,0,1,1,Male,0- $25K,East,1
877,13221,2018-08-26,1276,Petrol,B,1083,1,0,0,0,1,Male,0- $25K,East,1
878,13222,2018-08-30,1277,Petrol,B,2380,1,0,1,1,0,Male,0- $25K,East,1
879,13223,2018-08-25,1278,Petrol,B,2238,0,1,0,0,1,Male,0- $25K,East,1
880,13224,2018-08-30,1279,Petrol,B,2192,0,1,1,1,1,Male,0- $25K,East,0
881,13225,2018-08-17,1280,Petrol,B,1302,1,1,0,0,0,Male,0- $25K,East,1
882,13226,2018-08-06,1281,Petrol,B,773,1,0,0,1,0,Male,0- $25K,East,1
883,13227,2018-08-28,1282,Petrol,B,2107,0,1,0,1,0,Male,0- $25K,East,0
884,13228,2018-08-25,1283,Petrol,B,1212,1,0,1,0,1,Male,0- $25K,East,1
885,13229,2018-08-28,1284,Petrol,B,1090,0,0,1,1,0,Male,0- $25K,East,0
886,13230,2018-08-11,1285,Petrol,B,1689,0,1,1,1,1,Male,0- $25K,East,1
887,13231,2018-08-11,1286,Petrol,B,1390,0,0,1,1,0,Male,0- $25K,East,0
888,13232,2018-08-17,1287,Petrol,B,2403,1,1,0,0,1,Male,0- $25K,East,1
889,13233,2018-08-30,1288,Petrol,B,1525,1,0,1,1,0,Male,0- $25K,East,0
890,13234,2018-08-07,1289,Petrol,B,2268,0,1,1,1,1,Male,0- $25K,East,1
891,13235,2018-08-26,1290,Petrol,B,1261,0,0,0,1,1,Male,0- $25K,East,1
892,13236,2018-08-02,1291,Petrol,B,1538,0,1,1,1,1,Male,0- $25K,East,1
893,13237,2018-08-17,1292,Petrol,B,1536,1,0,0,1,1,Male,0- $25K,East,1
894,13238,2018-08-14,1293,Petrol,B,1704,0,1,1,0,0,Male,0- $25K,East,1
895,13239,2018-08-18,1294,Petrol,B,2018,0,1,1,1,1,Male,0- $25K,East,0
896,13240,2018-08-21,1295,Petrol,B,1967,0,1,1,0,0,Male,0- $25K,East,1
897,13241,2018-08-08,1296,Petrol,B,1884,1,0,0,1,1,Male,0- $25K,East,1
898,13242,2018-08-03,1297,Petrol,B,2253,1,0,1,0,1,Male,0- $25K,East,0
899,13243,2018-08-26,1298,Petrol,B,1969,1,0,1,0,1,Male,0- $25K,East,0
900,13244,2018-08-03,1299,Petrol,B,667,0,0,0,0,0,Male,0- $25K,East,0
901,13245,2018-09-03,1300,Petrol,B,1584,0,0,0,0,1,Male,0- $25K,East,1
902,13246,2018-09-14,1301,Petrol,B,577,1,0,1,0,1,Male,0- $25K,East,0
903,13247,2018-09-29,1302,Petrol,B,2441,0,0,1,0,0,Male,0- $25K,East,0
904,13248,2018-09-20,1303,Petrol,B,616,1,0,1,1,1,Male,0- $25K,East,0
905,13249,2018-09-12,1304,Petrol,B,1801,1,1,0,1,0,Male,0- $25K,East,0
906,13250,2018-09-19,1305,Petrol,B,1613,0,0,1,0,1,Male,0- $25K,East,1
907,13251,2018-09-01,1306,Petrol,B,1893,0,1,0,0,1,Male,0- $25K,East,1
908,13252,2018-09-18,1307,Petrol,B,1280,0,1,1,1,1,Female,0- $25K,East,0
909,13253,2018-09-26,1308,Petrol,B,1698,1,1,0,0,0,Female,0- $25K,East,1
910,13254,2018-09-24,1309,Petrol,B,578,0,1,0,0,1,Female,0- $25K,East,1
911,13255,2018-09-28,1310,Petrol,B,2085,0,0,1,1,0,Female,0- $25K,East,1
912,13256,2018-09-11,1311,Petrol,B,1258,0,0,1,1,0,Female,0- $25K,East,0
913,13257,2018-09-01,1312,Petrol,B,1150,1,1,1,1,0,Female,0- $25K,East,1
914,13258,2018-09-15,1313,Petrol,B,762,1,1,0,1,0,Female,0- $25K,East,0
915,13259,2018-09-02,1314,Petrol,B,1418,0,0,0,0,0,Female,0- $25K,East,1
916,13260,2018-09-05,1315,Petrol,B,1784,1,1,1,1,1,Female,0- $25K,East,0
917,13261,2018-09-16,1316,Petrol,B,1278,0,1,1,0,1,Female,0- $25K,East,1
918,13262,2018-09-12,1317,Petrol,B,1312,0,1,1,0,1,Female,0- $25K,East,0
919,13263,2018-09-18,1318,Petrol,B,1755,0,1,1,1,0,Female,0- $25K,East,1
920,13264,2018-09-12,1319,Petrol,B,954,1,1,0,0,0,Female,0- $25K,East,0
921,13265,2018-09-01,1320,Petrol,B,1451,0,1,0,1,1,Female,0- $25K,East,0
922,13266,2018-09-06,1321,Petrol,B,2485,1,0,1,1,1,Female,0- $25K,East,0
923,13267,2018-09-08,1322,Petrol,B,2380,0,1,1,0,1,Female,0- $25K,East,0
924,13268,2018-09-13,1323,Petrol,B,1573,1,1,0,0,1,Female,0- $25K,East,0
925,13269,2018-09-04,1324,Petrol,B,2220,0,0,0,1,1,Female,0- $25K,East,1
926,13270,2018-09-09,1325,Petrol,B,2070,0,1,1,1,0,Female,0- $25K,East,0
927,13271,2018-09-16,1326,Petrol,B,1995,0,0,1,1,1,Female,0- $25K,East,0
928,13272,2018-09-29,1327,Petrol,B,578,0,0,0,0,1,Female,0- $25K,East,1
929,13273,2018-09-17,1328,Petrol,B,1142,0,1,0,0,1,Female,0- $25K,East,1
930,13274,2018-09-27,1329,Petrol,B,2023,1,1,0,1,1,Female,0- $25K,East,1
931,13275,2018-09-15,1330,Petrol,B,2391,0,1,1,0,0,Female,0- $25K,East,0
932,13276,2018-09-08,1331,Petrol,B,1337,1,1,1,0,0,Female,0- $25K,East,1
933,13277,2018-09-16,1332,Petrol,B,2384,0,0,0,1,1,Female,0- $25K,East,0
934,13278,2018-09-09,1333,Petrol,B,1782,0,1,0,0,0,Female,0- $25K,East,0
935,13279,2018-09-30,1334,Petrol,B,2458,0,0,0,1,1,Female,0- $25K,East,1
936,13280,2018-09-27,1335,Petrol,B,1680,1,0,1,1,0,Female,0- $25K,East,1
937,13281,2018-09-05,1336,Petrol,B,1528,0,0,0,0,0,Female,0- $25K,East,1
938,13282,2018-09-21,1337,Petrol,B,2386,1,1,1,1,1,Female,0- $25K,East,0
939,13283,2018-09-23,1338,Petrol,B,531,0,0,0,1,0,Female,0- $25K,East,0
940,13284,2018-09-19,1339,Petrol,B,2490,0,0,1,0,0,Female,0- $25K,East,1
941,13285,2018-09-22,1340,Petrol,B,1493,1,1,0,1,0,Female,0- $25K,East,1
942,13286,2018-09-18,1341,Petrol,B,2195,1,1,0,0,1,Female,0- $25K,East,1
943,13287,2018-09-25,1342,Petrol,B,1004,1,1,0,0,0,Female,0- $25K,East,0
944,13288,2018-09-21,1343,Petrol,B,698,1,0,0,1,0,Female,0- $25K,East,0
945,13289,2018-09-06,1344,Petrol,B,710,0,1,0,0,1,Female,0- $25K,East,1
946,13290,2018-09-20,1345,Petrol,B,858,0,1,0,1,0,Female,0- $25K,East,1
947,13291,2018-09-06,1346,Petrol,B,892,1,0,0,1,1,Female,0- $25K,East,0
948,13292,2018-09-24,1347,Petrol,B,2157,1,1,1,1,1,Female,0- $25K,East,0
949,13293,2018-09-17,1348,Petrol,B,1227,1,1,0,1,0,Female,0- $25K,East,0
950,13294,2018-09-04,1349,Petrol,B,733,0,0,0,1,0,Female,0- $25K,East,1
951,13295,2018-09-29,1350,Petrol,B,1471,1,0,1,0,1,Female,0- $25K,East,1
952,13296,2018-09-21,1351,Petrol,B,1546,0,1,0,1,1,Female,0- $25K,East,1
953,13297,2018-09-10,1352,Petrol,B,1391,0,0,0,0,0,Female,0- $25K,East,0
954,13298,2018-09-11,1353,Petrol,B,1971,1,0,1,0,1,Female,0- $25K,East,1
955,13299,2018-09-27,1354,Petrol,B,1609,0,1,1,1,1,Female,0- $25K,East,0
956,13300,2018-09-26,1355,Petrol,B,1868,1,0,1,1,1,Female,0- $25K,East,1
957,13301,2018-09-14,1356,Petrol,B,2057,0,0,0,1,1,Female,0- $25K,East,1
958,13302,2018-09-12,1357,Petrol,B,774,1,0,0,1,0,Female,0- $25K,East,0
959,13303,2018-09-11,1358,Petrol,B,1696,1,0,0,0,0,Female,0- $25K,East,1
960,13304,2018-09-05,1359,Petrol,B,1794,0,0,0,0,1,Female,0- $25K,East,1
961,13305,2018-09-16,1360,Petrol,B,1393,1,1,0,1,0,Female,0- $25K,East,0
962,13306,2018-09-11,1361,Petrol,B,2042,0,0,1,1,0,Female,0- $25K,East,0
963,13307,2018-09-29,1362,Petrol,B,1497,0,0,0,0,1,Female,0- $25K,East,0
964,13308,2018-09-27,1363,Petrol,B,2152,0,0,0,0,1,Female,0- $25K,East,1
965,13309,2018-09-01,1364,Petrol,B,643,1,0,0,1,1,Female,0- $25K,East,0
966,13310,2018-09-28,1365,Petrol,B,965,1,1,0,1,1,Female,0- $25K,East,1
967,13311,2018-09-07,1366,Petrol,B,1177,1,1,1,0,1,Female,0- $25K,East,1
968,13312,2018-09-13,1367,Petrol,B,856,0,1,0,0,0,Female,0- $25K,East,1
969,13313,2018-09-12,1368,Petrol,B,2473,0,1,1,0,1,Female,0- $25K,East,0
970,13314,2018-09-30,1369,Petrol,B,1112,0,0,0,1,1,Female,0- $25K,East,0
971,13315,2018-09-18,1370,Petrol,B,1104,0,1,0,1,1,Female,0- $25K,East,1
972,13316,2018-09-04,1371,Petrol,B,765,0,0,1,1,1,Female,0- $25K,East,0
973,13317,2018-09-25,1372,Petrol,B,2173,1,1,1,1,0,Female,0- $25K,East,1
974,13318,2018-09-14,1373,Petrol,B,1897,1,0,1,1,0,Female,0- $25K,East,1
975,13319,2018-09-20,1374,Petrol,B,1402,0,1,1,0,1,Female,0- $25K,East,0
976,13320,2018-09-06,1375,Petrol,B,1088,0,1,0,1,1,Female,0- $25K,East,1
977,13321,2018-09-07,1376,Petrol,B,1890,0,1,0,0,1,Female,0- $25K,East,1
978,13322,2018-09-06,1377,Petrol,B,526,0,0,1,1,0,Female,0- $25K,East,1
979,13323,2018-09-06,1378,Petrol,B,553,1,1,1,0,1,Female,0- $25K,East,0
980,13324,2018-09-14,1379,Petrol,B,1612,0,0,0,1,1,Female,0- $25K,East,0
981,13325,2018-09-01,1380,Petrol,B,1892,1,1,0,0,0,Female,0- $25K,East,1
982,13326,2018-09-07,1381,Petrol,B,1680,0,0,1,0,0,Female,0- $25K,East,1
983,13327,2018-09-06,1382,Petrol,B,999,0,1,0,1,1,Female,0- $25K,East,1
984,13328,2018-09-09,1383,Petrol,B,690,0,0,0,0,0,Female,0- $25K,East,1
985,13329,2018-09-05,1384,Petrol,B,1015,1,0,0,1,0,Female,0- $25K,East,1
986,13330,2018-09-04,1385,Petrol,B,2080,1,0,0,1,1,Female,0- $25K,East,1
987,13331,2018-09-16,1386,Petrol,B,1009,1,1,0,1,0,Female,0- $25K,East,0
988,13332,2018-09-15,1387,Petrol,B,1616,1,0,0,1,1,Female,0- $25K,East,0
989,13333,2018-09-19,1388,Petrol,B,630,1,0,1,0,0,Female,0- $25K,East,0
990,13334,2018-09-16,1389,Petrol,B,840,1,0,1,0,1,Female,0- $25K,East,0
991,13335,2018-09-14,1390,Petrol,B,2201,1,0,1,1,0,Female,0- $25K,East,0
992,13336,2018-09-10,1391,Petrol,B,2354,0,1,1,1,1,Female,0- $25K,East,0
993,13337,2018-09-02,1392,Petrol,B,1008,0,1,0,1,0,Female,0- $25K,East,0
994,13338,2018-09-12,1393,Petrol,B,1715,1,1,0,1,1,Female,0- $25K,East,1
995,13339,2018-09-27,1394,Petrol,B,1496,1,0,0,1,1,Female,0- $25K,East,0
996,13340,2018-09-03,1395,Petrol,B,2314,0,1,0,0,0,Female,0- $25K,East,0
997,13341,2018-09-29,1396,Petrol,B,758,1,0,1,0,0,Female,0- $25K,East,1
998,13342,2018-09-01,1397,Petrol,B,1427,1,0,1,0,0,Female,0- $25K,East,0
999,13343,2018-09-22,1398,Petrol,B,1101,0,0,1,1,1,Female,0- $25K,East,1
1000,13344,2018-09-06,1399,Petrol,B,843,1,0,0,1,1,Female,0- $25K,East,0
1001,13345,2018-09-24,1400,Petrol,B,1977,0,0,1,1,1,Female,0- $25K,East,1
1002,13346,2018-09-21,1401,Petrol,B,1569,1,0,1,1,0,Female,0- $25K,East,1
1003,13347,2018-09-15,1402,Petrol,B,1533,1,1,0,0,0,Female,0- $25K,East,0
1004,13348,2018-09-23,1403,Petrol,B,1147,1,1,1,1,1,Female,0- $25K,East,1
1005,13349,2018-09-04,1404,Petrol,B,1413,1,0,1,1,0,Female,0- $25K,East,0
1006,13350,2018-09-05,1405,Petrol,B,1362,0,0,1,0,0,Female,0- $25K,East,1
1007,13351,2018-09-24,1406,Petrol,B,1900,0,0,0,0,0,Female,0- $25K,East,0
1008,13352,2018-09-04,1407,Petrol,B,1791,0,1,0,0,0,Female,0- $25K,East,0
1009,13353,2018-09-14,1408,Petrol,B,1593,1,0,0,1,1,Female,0- $25K,East,1
1010,13354,2018-09-02,1409,Petrol,B,2115,0,1,1,1,1,Female,0- $25K,East,0
1011,13355,2018-09-06,1410,Petrol,B,693,1,1,1,1,0,Female,0- $25K,East,1
1012,13356,2018-09-01,1411,Petrol,B,1939,0,0,1,0,1,Female,0- $25K,East,0
1013,13357,2018-09-23,1412,Petrol,B,1191,0,0,1,1,0,Female,0- $25K,East,1
1014,13358,2018-09-06,1413,Petrol,B,2272,1,1,0,0,1,Female,0- $25K,East,1
1015,13359,2018-09-18,1414,Petrol,B,2134,0,0,1,0,0,Female,0- $25K,East,1
1016,13360,2018-09-20,1415,Petrol,B,1357,1,1,0,0,1,Female,0- $25K,East,1
1017,13361,2018-09-13,1416,Petrol,C,1067,1,0,1,1,0,Female,0- $25K,East,0
1018,13362,2018-09-25,1417,Petrol,C,1636,1,0,0,0,0,Female,0- $25K,East,0
1019,13363,2018-09-27,1418,Petrol,C,1986,1,1,1,0,0,Female,0- $25K,East,1
1020,13364,2018-09-16,1419,Petrol,C,969,0,0,0,0,0,Female,0- $25K,East,0
1021,13365,2018-09-30,1420,Petrol,C,789,0,1,1,0,0,Female,0- $25K,East,1
1022,13366,2018-09-26,1421,Petrol,C,1116,1,0,1,1,0,Female,0- $25K,East,0
1023,13367,2018-09-25,1422,Petrol,C,1195,0,1,1,1,0,Female,0- $25K,East,0
1024,13368,2018-09-28,1423,Petrol,C,1180,0,1,1,0,0,Female,0- $25K,East,0
1025,13369,2018-09-22,1424,Petrol,C,696,1,0,0,0,1,Female,0- $25K,East,0
1026,13370,2018-09-10,1425,Petrol,C,1105,1,1,1,0,1,Female,0- $25K,East,1
1027,13371,2018-10-16,1426,Petrol,C,1007,0,1,0,0,1,Female,0- $25K,East,1
1028,13372,2018-10-29,1427,Petrol,C,585,1,0,0,0,1,Female,0- $25K,East,0
1029,13373,2018-10-30,1428,Petrol,C,1384,1,0,0,1,0,Female,0- $25K,East,0
1030,13374,2018-10-30,1429,Petrol,C,519,1,0,0,1,1,Female,0- $25K,East,1
1031,13375,2018-10-11,1430,Petrol,C,1013,1,0,0,0,1,Female,0- $25K,East,1
1032,13376,2018-10-05,1431,Petrol,C,695,0,1,1,1,0,Female,0- $25K,East,0
1033,13377,2018-10-28,1432,Petrol,C,1184,0,0,0,1,1,Female,0- $25K,East,0
1034,13378,2018-10-30,1433,Petrol,C,673,1,0,0,1,0,Female,0- $25K,West,0
1035,13379,2018-10-16,1434,Petrol,C,2097,0,0,0,0,1,Female,0- $25K,West,0
1036,13380,2018-10-20,1435,Petrol,C,2105,0,0,0,0,1,Female,0- $25K,West,1
1037,13381,2018-10-01,1436,Petrol,C,555,1,0,1,1,0,Female,0- $25K,West,1
1038,13382,2018-10-16,1437,Petrol,C,558,1,1,1,0,1,Female,0- $25K,West,1
1039,13383,2018-10-23,1438,Petrol,C,640,1,1,0,0,1,Female,0- $25K,West,0
1040,13384,2018-10-20,1439,Petrol,C,2012,0,0,0,1,0,Female,0- $25K,West,0
1041,13385,2018-10-16,1440,Petrol,C,914,0,1,1,0,1,Female,0- $25K,West,1
1042,13386,2018-10-08,1441,Petrol,C,1479,1,1,1,0,0,Female,0- $25K,West,0
1043,13387,2018-10-30,1442,Petrol,C,2122,0,0,0,1,0,Female,0- $25K,West,0
1044,13388,2018-10-16,1443,Petrol,C,948,1,1,0,1,1,Female,0- $25K,West,0
1045,13389,2018-10-26,1444,Petrol,C,2371,1,0,1,1,0,Female,0- $25K,West,0
1046,13390,2018-10-06,1445,Petrol,C,542,1,0,1,1,0,Female,0- $25K,West,0
1047,13391,2018-10-03,1446,Petrol,C,2145,1,0,1,0,0,Female,0- $25K,West,0
1048,13392,2018-10-06,1447,Petrol,C,1675,1,1,0,0,1,Female,0- $25K,West,0
1049,13393,2018-10-23,1448,Petrol,C,825,1,1,0,0,0,Female,0- $25K,West,0
1050,13394,2018-10-24,1449,Petrol,C,2018,1,1,0,0,0,Female,0- $25K,West,1
1051,13395,2018-10-12,1450,Petrol,C,1352,0,1,0,1,1,Female,0- $25K,West,0
1052,13396,2018-10-21,1451,Diesel,C,1433,1,1,1,0,0,Female,0- $25K,West,0
1053,13397,2018-10-03,1452,Diesel,C,1866,1,1,1,1,0,Female,0- $25K,West,1
1054,13398,2018-10-24,1453,Diesel,C,1772,0,0,1,0,0,Female,0- $25K,West,1
1055,13399,2018-10-29,1454,Diesel,C,1428,0,1,1,1,1,Female,0- $25K,West,1
1056,13400,2018-10-16,1455,Diesel,C,1773,0,0,1,0,1,Female,0- $25K,West,0
1057,13401,2018-10-30,1456,Diesel,C,1951,0,0,0,0,0,Female,0- $25K,West,1
1058,13402,2018-10-10,1457,Diesel,C,670,0,0,1,0,0,Female,0- $25K,West,1
1059,13403,2018-10-29,1458,Diesel,C,965,1,1,0,0,0,Female,0- $25K,West,1
1060,13404,2018-10-29,1459,Diesel,C,1780,0,1,0,1,0,Female,0- $25K,West,1
1061,13405,2018-10-12,1460,Diesel,C,782,0,0,0,0,1,Female,0- $25K,West,0
1062,13406,2018-10-10,1461,Diesel,C,2200,1,1,0,0,1,Female,0- $25K,West,0
1063,13407,2018-10-24,1462,Diesel,C,2424,1,1,1,0,0,Female,0- $25K,West,0
1064,13408,2018-10-02,1463,Diesel,C,2104,1,0,0,1,1,Female,0- $25K,West,0
1065,13409,2018-10-07,1464,Diesel,C,852,1,1,1,1,0,Female,0- $25K,West,0
1066,13410,2018-10-26,1465,Diesel,C,2126,0,1,1,0,1,Female,0- $25K,West,1
1067,13411,2018-10-06,1466,Diesel,C,2396,1,1,0,1,0,Female,0- $25K,West,1
1068,13412,2018-10-16,1467,Diesel,C,1658,1,0,1,1,1,Female,0- $25K,West,1
1069,13413,2018-10-04,1468,Diesel,C,2264,1,0,1,1,1,Female,0- $25K,West,1
1070,13414,2018-10-19,1469,Diesel,C,2393,1,1,1,0,0,Female,0- $25K,West,0
1071,13415,2018-10-19,1470,Diesel,C,586,1,1,1,1,1,Female,0- $25K,West,1
1072,13416,2018-10-20,1471,Diesel,C,874,1,0,1,0,0,Female,0- $25K,West,0
1073,13417,2018-10-05,1472,Diesel,C,944,1,1,1,1,0,Female,0- $25K,West,1
1074,13418,2018-10-01,1473,Diesel,C,1279,1,1,0,0,1,Female,0- $25K,West,1
1075,13419,2018-10-01,1474,Diesel,C,2074,0,0,1,1,0,Female,0- $25K,West,0
1076,13420,2018-10-27,1475,Diesel,C,1706,0,1,1,1,0,Female,0- $25K,West,0
1077,13421,2018-10-22,1476,Diesel,C,1179,0,0,1,0,0,Female,0- $25K,West,0
1078,13422,2018-10-04,1477,Diesel,C,1571,1,1,0,1,1,Female,0- $25K,West,0
1079,13423,2018-10-10,1478,Diesel,C,1465,1,1,1,1,1,Female,0- $25K,West,0
1080,13424,2018-10-06,1479,Diesel,C,1557,0,1,1,1,1,Female,0- $25K,West,1
1081,13425,2018-10-02,1480,Diesel,C,832,1,0,1,1,0,Female,0- $25K,West,1
1082,13426,2018-10-04,1481,Diesel,C,1146,0,0,0,0,1,Female,0- $25K,West,0
1083,13427,2018-10-16,1482,Diesel,C,1577,1,0,0,1,0,Female,0- $25K,West,1
1084,13428,2018-10-30,1483,Diesel,C,2356,1,1,1,1,0,Female,0- $25K,West,0
1085,13429,2018-10-29,1484,Diesel,C,1437,0,0,0,1,0,Female,0- $25K,West,1
1086,13430,2018-10-24,1485,Diesel,C,2436,1,1,1,1,0,Female,0- $25K,West,0
1087,13431,2018-10-24,1486,Diesel,C,1427,0,1,0,1,0,Female,0- $25K,West,1
1088,13432,2018-10-11,1487,Diesel,C,1949,0,0,1,1,1,Female,0- $25K,West,0
1089,13433,2018-10-01,1488,Diesel,C,1875,1,0,0,0,0,Female,0- $25K,West,1
1090,13434,2018-10-06,1489,Diesel,C,2167,1,1,1,1,0,Female,0- $25K,West,1
1091,13435,2018-10-22,1490,Diesel,C,1170,1,0,1,0,0,Female,0- $25K,West,1
1092,13436,2018-10-12,1491,Diesel,C,684,1,1,0,1,0,Female,0- $25K,West,1
1093,13437,2018-10-26,1492,Diesel,C,2148,0,1,0,1,0,Female,0- $25K,West,0
1094,13438,2018-10-22,1493,Diesel,C,635,1,1,0,1,1,Female,0- $25K,West,1
1095,13439,2018-10-18,1494,Diesel,C,925,1,0,1,1,0,Female,0- $25K,West,0
1096,13440,2018-10-27,1495,Diesel,C,709,1,1,0,1,1,Female,0- $25K,West,0
1097,13441,2018-10-26,1496,Diesel,C,2075,0,0,1,1,0,Female,0- $25K,West,1
1098,13442,2018-10-30,1497,Diesel,C,602,1,1,1,1,0,Female,0- $25K,West,0
1099,13443,2018-10-21,1498,Diesel,C,2130,1,0,0,0,1,Female,0- $25K,West,0
1100,13444,2018-10-17,1499,Diesel,C,1959,1,1,1,0,0,Female,0- $25K,West,0
1101,13445,2018-10-23,1500,Diesel,C,780,0,1,1,0,0,Female,0- $25K,West,1
1102,13446,2018-10-30,1501,Diesel,C,2126,0,1,1,1,0,Female,0- $25K,West,1
1103,13447,2018-10-04,1502,Diesel,C,1768,1,0,0,0,1,Female,0- $25K,West,1
1104,13448,2018-10-10,1503,Diesel,C,1637,0,0,0,1,1,Female,0- $25K,West,0
1105,13449,2018-10-28,1504,Diesel,C,1889,0,1,0,1,1,Female,0- $25K,West,1
1106,13450,2018-10-11,1505,Diesel,C,2146,1,0,1,1,1,Female,0- $25K,West,1
1107,13451,2018-10-03,1506,Diesel,C,1355,1,0,0,1,0,Female,0- $25K,West,0
1108,13452,2018-10-15,1507,Diesel,C,1082,0,1,0,1,1,Female,0- $25K,West,0
1109,13453,2018-10-29,1508,Diesel,C,2394,0,1,1,1,0,Female,0- $25K,West,1
1110,13454,2018-10-17,1509,Diesel,C,926,1,1,1,1,1,Female,0- $25K,West,1
1111,13455,2018-10-24,1510,Diesel,C,892,0,1,1,0,1,Female,0- $25K,West,1
1112,13456,2018-10-02,1511,Diesel,C,994,0,0,1,1,0,Female,0- $25K,West,1
1113,13457,2018-10-02,1512,Diesel,C,2260,0,1,1,0,0,Female,0- $25K,West,1
1114,13458,2018-10-08,1513,Diesel,C,1149,1,1,0,1,1,Female,0- $25K,West,1
1115,13459,2018-10-03,1514,Diesel,C,2283,1,0,1,0,0,Female,0- $25K,West,1
1116,13460,2018-10-16,1515,Diesel,C,1663,0,1,1,0,1,Female,0- $25K,West,0
1117,13461,2018-10-24,1516,Diesel,C,2197,1,1,1,0,1,Female,0- $25K,West,0
1118,13462,2018-10-05,1517,Diesel,C,1669,0,0,1,0,1,Female,0- $25K,West,0
1119,13463,2018-10-25,1518,Diesel,C,1547,0,0,0,1,0,Female,0- $25K,West,0
1120,13464,2018-10-12,1519,Diesel,C,899,0,0,1,0,0,Female,0- $25K,West,1
1121,13465,2018-10-18,1520,Diesel,C,2439,0,1,1,0,1,Female,0- $25K,West,1
1122,13466,2018-11-07,1521,Diesel,C,1867,0,1,0,0,1,Female,0- $25K,West,1
1123,13467,2018-11-03,1522,Diesel,C,898,1,1,1,0,0,Female,0- $25K,West,1
1124,13468,2018-11-10,1523,Diesel,C,962,1,1,0,1,0,Female,0- $25K,West,1
1125,13469,2018-11-18,1524,Diesel,C,1875,1,1,0,1,0,Female,0- $25K,West,1
1126,13470,2018-11-28,1525,Diesel,C,1157,0,0,1,1,0,Female,0- $25K,West,1
1127,13471,2018-11-01,1526,Diesel,C,2376,0,1,0,0,1,Female,0- $25K,West,0
1128,13472,2018-11-22,1527,Diesel,C,1523,1,0,1,1,0,Female,0- $25K,West,0
1129,13473,2018-11-17,1528,Diesel,C,1850,1,0,0,1,0,Female,0- $25K,West,1
1130,13474,2018-11-24,1529,Diesel,C,1828,1,1,0,1,1,Female,0- $25K,West,1
1131,13475,2018-11-02,1530,Diesel,C,1140,0,0,0,1,0,Female,0- $25K,West,1
1132,13476,2018-11-14,1531,Diesel,C,1208,1,0,1,1,0,Female,0- $25K,West,1
1133,13477,2018-11-30,1532,Diesel,C,1716,0,0,1,1,0,Female,0- $25K,West,0
1134,13478,2018-11-21,1533,Diesel,C,731,0,1,0,0,1,Female,0- $25K,West,1
1135,13479,2018-11-16,1534,Diesel,C,1128,1,1,0,0,1,Female,0- $25K,West,0
1136,13480,2018-11-27,1535,Diesel,C,1541,1,0,0,0,1,Female,0- $25K,West,0
1137,13481,2018-11-02,1536,Diesel,C,2498,0,1,0,1,0,Female,0- $25K,West,0
1138,13482,2018-11-13,1537,Diesel,C,2125,0,0,1,1,1,Female,0- $25K,West,1
1139,13483,2018-11-27,1538,Diesel,C,2130,0,0,1,1,0,Female,0- $25K,West,1
1140,13484,2018-11-19,1539,Diesel,C,863,1,1,0,1,1,Female,0- $25K,West,1
1141,13485,2018-11-13,1540,Diesel,C,1635,1,1,1,0,0,Female,0- $25K,West,1
1142,13486,2018-11-20,1541,Diesel,C,1403,1,0,0,0,0,Female,0- $25K,West,0
1143,13487,2018-11-23,1542,Diesel,C,2470,0,1,1,1,1,Female,0- $25K,West,1
1144,13488,2018-11-15,1543,Diesel,C,822,1,1,1,0,1,Female,0- $25K,West,0
1145,13489,2018-11-03,1544,Diesel,C,2054,0,1,1,0,1,Female,0- $25K,West,0
1146,13490,2018-11-24,1545,Diesel,C,2322,0,1,0,0,0,Female,0- $25K,West,0
1147,13491,2018-11-29,1546,Diesel,C,950,1,1,1,1,1,Female,0- $25K,West,0
1148,13492,2018-11-06,1547,Diesel,C,2026,0,1,0,0,1,Female,0- $25K,West,0
1149,13493,2018-11-26,1548,Diesel,C,2000,0,1,1,0,1,Female,0- $25K,West,0
1150,13494,2018-11-23,1549,Diesel,C,935,0,0,1,1,0,Female,0- $25K,West,0
1151,13495,2018-11-21,1550,Diesel,C,1506,0,1,1,1,1,Female,0- $25K,West,0
1152,13496,2018-11-04,1551,Diesel,C,520,0,1,0,0,1,Female,0- $25K,West,0
1153,13497,2018-11-12,1552,Diesel,C,759,1,0,0,0,1,Female,0- $25K,West,0
1154,13498,2018-11-18,1553,Diesel,C,2338,0,1,1,1,0,Female,0- $25K,West,1
1155,13499,2018-11-13,1554,Diesel,C,1957,1,1,1,0,0,Female,0- $25K,West,1
1156,13500,2018-11-04,1555,Diesel,C,2201,1,1,0,1,1,Female,0- $25K,West,1
1157,13501,2018-11-16,1556,Diesel,C,1021,1,0,1,1,1,Female,0- $25K,West,1
1158,13502,2018-11-06,1557,Diesel,C,1738,0,0,0,1,0,Female,0- $25K,West,0
1159,13503,2018-11-23,1558,Diesel,C,629,1,1,0,0,1,Female,0- $25K,West,1
1160,13504,2018-11-03,1559,Diesel,C,714,1,1,1,0,0,Female,0- $25K,West,1
1161,13505,2018-11-22,1560,Diesel,C,1461,0,0,0,1,0,Female,0- $25K,West,0
1162,13506,2018-11-26,1561,Diesel,C,2477,1,1,1,0,1,Female,0- $25K,West,0
1163,13507,2018-11-06,1562,Diesel,C,1275,1,0,1,0,0,Female,0- $25K,West,0
1164,13508,2018-11-15,1563,Diesel,C,1937,1,1,1,0,0,Female,0- $25K,West,1
1165,13509,2018-11-22,1564,Diesel,C,1961,0,0,0,1,0,Female,0- $25K,West,1
1166,13510,2018-11-01,1565,Diesel,C,2482,1,0,1,1,0,Female,0- $25K,West,1
1167,13511,2018-11-03,1566,Diesel,C,2128,1,0,1,0,1,Female,0- $25K,West,1
1168,13512,2018-11-01,1567,Diesel,C,1981,0,1,0,1,0,Female,0- $25K,West,0
1169,13513,2018-11-10,1568,Diesel,C,1564,1,0,0,1,1,Female,0- $25K,West,1
1170,13514,2018-11-04,1569,Diesel,C,2380,1,0,1,0,1,Female,0- $25K,West,0
1171,13515,2018-11-13,1570,Diesel,C,867,1,1,1,1,0,Female,0- $25K,West,0
1172,13516,2018-11-27,1571,Diesel,C,698,0,1,0,0,1,Female,0- $25K,West,1
1173,13517,2018-11-08,1572,Diesel,C,1548,0,1,1,0,0,Female,0- $25K,West,0
1174,13518,2018-11-10,1573,Diesel,C,2083,0,1,0,0,1,Female,0- $25K,West,0
1175,13519,2018-11-25,1574,Diesel,C,757,1,1,0,0,0,Female,0- $25K,West,0
1176,13520,2018-11-08,1575,Diesel,C,754,1,1,1,0,1,Female,0- $25K,West,0
1177,13521,2018-11-03,1576,Diesel,C,2449,0,1,0,0,1,Female,0- $25K,West,1
1178,13522,2018-11-29,1577,Diesel,C,600,0,1,0,1,0,Female,0- $25K,West,1
1179,13523,2018-11-29,1578,Diesel,C,974,0,1,0,0,0,Female,0- $25K,West,1
1180,13524,2018-11-29,1579,Diesel,C,1370,1,1,1,0,0,Female,0- $25K,West,1
1181,13525,2018-11-06,1580,Diesel,C,1348,1,0,1,0,0,Female,0- $25K,West,1
1182,13526,2018-11-11,1581,Diesel,C,834,1,1,1,0,0,Female,0- $25K,West,0
1183,13527,2018-11-03,1582,Diesel,C,2464,0,0,1,0,1,Female,0- $25K,West,0
1184,13528,2018-11-01,1583,Diesel,C,546,1,0,1,0,0,Female,0- $25K,West,0
1185,13529,2018-11-24,1584,Diesel,C,676,1,0,0,1,1,Female,0- $25K,West,1
1186,13530,2018-11-02,1585,Diesel,C,1487,1,0,0,1,0,Female,0- $25K,West,1
1187,13531,2018-11-01,1586,Diesel,C,2296,0,0,0,0,1,Female,0- $25K,West,0
1188,13532,2018-11-19,1587,Diesel,C,2365,0,0,1,0,0,Female,0- $25K,West,1
1189,13533,2018-11-10,1588,Diesel,C,831,0,1,0,0,1,Female,0- $25K,West,0
1190,13534,2018-11-12,1589,Diesel,C,2295,1,0,1,1,0,Female,0- $25K,West,1
1191,13535,2018-11-02,1590,Diesel,C,1709,1,1,1,1,0,Female,0- $25K,West,1
1192,13536,2018-11-18,1591,Diesel,C,2464,1,0,1,1,1,Female,0- $25K,West,0
1193,13537,2018-11-21,1592,Diesel,C,1827,1,0,1,1,1,Female,0- $25K,West,0
1194,13538,2018-11-06,1593,Diesel,C,1284,1,1,0,0,0,Female,0- $25K,West,1
1195,13539,2018-11-03,1594,Diesel,C,1936,1,0,1,0,0,Female,0- $25K,West,1
1196,13540,2018-11-20,1595,Diesel,C,1331,1,0,0,1,0,Female,0- $25K,West,0
1197,13541,2018-11-04,1596,Diesel,C,2221,0,0,0,0,1,Female,0- $25K,West,0
1198,13542,2018-11-02,1597,Diesel,C,1034,0,1,0,0,1,Female,0- $25K,West,0
1199,13543,2018-11-08,1598,Diesel,C,637,0,0,1,1,0,Female,0- $25K,West,1
1200,13544,2018-11-10,1599,Diesel,C,1579,1,0,1,1,1,Female,0- $25K,West,0
